timestamp_CEST,name,url,product_count,status,raw_product_count,is_sentinel
2026-09-09 11:35:50,Zyklon Staubsauger,https://www.medion.com/de/shop/zyklon-staubsauger,5,OK,,
2026-09-09 11:35:50,Work from Home PCs,https://www.medion.com/de/shop/work-from-home-pcs,9,OK,,
2026-09-09 11:35:50,work-from-home-alle,https://www.medion.com/de/shop/work-from-home-alle,19,OK,,
2026-09-09 11:35:50,Saugroboter Alexa,https://www.medion.com/de/shop/alexa-saugroboter,8,OK,,
2026-09-09 11:35:50,Saugroboter Alexa,https://www.medion.com/at/shop/alexa-saugroboter,8,OK,,
2026-09-09 11:35:50,Windows Update,https://www.medion.com/de/shop/windows-update,49,OK,,
2026-09-09 11:35:50,Versandkostenfrei,https://www.medion.com/de/shop/versandkostenfrei,301,OK,,
2026-09-09 11:35:50,Ventilatoren & Klimageräte,https://www.medion.com/de/shop/ventilatoren-klimageraete,5,OK,,
2026-09-09 11:35:50,Ventilatoren,https://www.medion.com/de/shop/ventilatoren,4,OK,,
2026-09-09 11:35:50,Vidaa TVs,https://www.medion.com/de/shop/tv/vidaa,23,OK,,
2026-09-09 11:35:50,TiVo TVs,https://www.medion.com/de/shop/tv/tivo,4,OK,,
2026-09-09 11:35:50,TV-Soundbars,https://www.medion.com/de/shop/tv/soundbars,4,OK,,
2026-09-09 11:35:50,Smart TV,https://www.medion.com/de/shop/tv/smart-tv,32,OK,,
2026-09-09 11:35:50,QLED TVs,https://www.medion.com/de/shop/tv/qled,13,OK,,
2026-09-09 11:35:50,Premium-TVs,https://www.medion.com/de/shop/tv/premium,13,OK,,
2026-09-09 11:35:50,OLED TVs,https://www.medion.com/de/shop/tv/oled,2,OK,,
2026-09-09 11:35:50,TVs mit Soundbar,https://www.medion.com/de/shop/tv/mit-soundbar,62,OK,,
2026-09-09 11:35:50,Mini LED Tvs,https://www.medion.com/de/shop/tv/mini-led,2,OK,,
2026-09-09 11:35:50,Mobilen TVs,https://www.medion.com/de/shop/tv/mini,1,OK,,
2026-09-09 11:35:50,TV Kaufberater Micro Dimming,https://www.medion.com/de/shop/tv/micro-dimming,11,OK,,
2026-09-09 11:35:50,TV HDR,https://www.medion.com/de/shop/tv/hdr,48,OK,,
2026-09-09 11:35:50,HD TVs,https://www.medion.com/de/shop/tv/hd,5,OK,,
2026-09-09 11:35:50,Fire TVs,https://www.medion.com/de/shop/tv/fire-tv,412,OK,,
2026-09-09 11:35:50,FHD TVs,https://www.medion.com/de/shop/tv/fhd,17,OK,,
2026-09-09 11:35:50,Einsteiger,https://www.medion.com/de/shop/tv/einsteiger,6,OK,,
2026-09-09 11:35:50,TV Dolby Vision,https://www.medion.com/de/shop/tv/dolby-vision,31,OK,,
2026-09-09 11:35:50,bis ca. 80 cm (32''),https://www.medion.com/de/shop/tv/bis-32-zoll,10,OK,,
2026-09-09 11:35:50,Angebote TV,https://www.medion.com/de/shop/tv/angebote,25,OK,,
2026-09-09 11:35:50,Android TVs,https://www.medion.com/de/shop/tv/android-tv,8,OK,,
2026-09-09 11:35:50,ab ca. 139 cm (55“ ),https://www.medion.com/de/shop/tv/ab-55-zoll,22,OK,,
2026-09-09 11:35:50,4K UHD TVs,https://www.medion.com/de/shop/tv/4k-uhd,36,OK,,
2026-09-09 11:35:50,ca. 98 cm - 126 cm (39“ bis 50“),https://www.medion.com/de/shop/tv/39-bis-50-zoll,26,OK,,
2026-09-09 11:35:50,Alle TVs,https://www.medion.com/de/shop/tv,58,OK,,
2026-09-09 11:35:50,Turmventilatoren,https://www.medion.com/de/shop/turmventilatoren,412,OK,,
2026-09-09 11:35:50,Topseller,https://www.medion.com/de/shop/topseller,19,OK,,
2026-09-09 11:35:50,Alle Tablets,https://www.medion.com/de/shop/tablets-alle,2,OK,,
2026-09-09 11:35:50,Staubsauger,https://www.medion.com/de/shop/staubsauger-alle,10,OK,,
2026-09-09 11:35:50,Sportliche Angebote,https://www.medion.com/de/shop/sportliche-angebote,25,OK,,
2026-09-09 11:35:50,Sommer Angebote,https://www.medion.com/de/shop/sommer-angebote,52,OK,,
2026-09-09 11:35:50,Smarte Produkte alle,https://www.medion.com/de/shop/smarte-produkte-alle,3,OK,,
2026-09-09 11:35:50,Poolroboter,https://www.medion.com/de/shop/haushalt/poolroboter,1,OK,,
2026-09-09 11:35:50,Alle Laptops,https://www.medion.com/de/shop/searchpages/alle-laptops,27,OK,,
2026-09-09 11:35:50,Poolroboter,https://www.medion.com/at/shop/haushalt/poolroboter,1,OK,,
2026-09-09 11:35:50,Saugroboter S-Serie,https://www.medion.com/at/shop/saugroboter-s-serie,7,OK,,
2026-09-09 11:35:50,Rückgaberecht,https://www.medion.com/de/shop/rueckgaberecht,412,OK,,
2026-09-09 11:35:50,PC-Zubehör,https://www.medion.com/de/shop/pc/zubehoer,6,OK,,
2026-09-09 11:35:50,Mäuse und Tastaturen,https://www.medion.com/de/shop/pc/tastatur-maus,2,OK,,
2026-09-09 11:35:50,Monitore,https://www.medion.com/de/shop/pc/monitor,4,OK,,
2026-09-09 11:35:50,Mini PCs,https://www.medion.com/de/shop/pc/mini,6,OK,,
2026-09-09 11:35:50,Drucker,https://www.medion.com/de/shop/pc/drucker,2,OK,,
2026-09-09 11:35:50,Desktop-PCs,https://www.medion.com/de/shop/pc/desktop,1,OK,,
2026-09-09 11:35:50,Angebote PC & Monitore,https://www.medion.com/de/shop/pc/angebote,4,OK,,
2026-09-09 11:35:50,All-in-One-PCs,https://www.medion.com/de/shop/pc/all-in-one,2,OK,,
2026-09-09 11:35:50,Alle PCs,https://www.medion.com/de/shop/pc/alle,9,OK,,
2026-09-09 11:35:50,Paypal null Prozent Finanzierung,https://www.medion.com/de/shop/paypal-null-prozent-finanzierung,203,OK,,
2026-09-09 11:35:50,Party,https://www.medion.com/de/shop/party,12,OK,,
2026-09-09 11:35:50,Nvidia 50er Serie Produkte,https://www.medion.com/de/shop/nvidia-rtx-serie-50,20,OK,,
2026-09-09 11:35:50,NVIDIA RTX Produkte,https://www.medion.com/de/shop/nvidia-rtx-produkte,29,OK,,
2026-09-09 11:35:50,NVIDIA RTX Laptops,https://www.medion.com/de/shop/nvidia-rtx-laptops,15,OK,,
2026-09-09 11:35:50,Nvidia rtx,https://www.medion.com/de/shop/nvidia-rtx,29,OK,,
2026-09-09 11:35:50,NVIDIA PC,https://www.medion.com/de/shop/nvidia-pc,14,OK,,
2026-09-09 11:35:50,Neuheiten,https://www.medion.com/de/shop/neuheiten,18,OK,,
2026-09-09 11:35:50,Multimedia-PC,https://www.medion.com/de/shop/multimedia-pc,7,OK,,
2026-09-09 11:35:50,Monitor-Angebote,https://www.medion.com/de/shop/monitore/angebote,6,OK,,
2026-09-09 11:35:50,Microsoft Jumpstart Gaming,https://www.medion.com/de/shop/microsoft-jumpstart-gaming,29,OK,,
2026-09-09 11:35:50,Microsoft Jumpstart,https://www.medion.com/de/shop/microsoft-jumpstart,50,OK,,
2026-09-09 11:35:50,Luftreiniger Alle,https://www.medion.com/de/shop/luftreiniger-alle,412,OK,,
2026-09-09 11:35:50,TV-Aktion,https://www.medion.com/de/shop/lp/tv-aktion,15,OK,,
2026-09-09 11:35:50,Laptop & PC Week,https://www.medion.com/de/shop/lp/laptop-pc-week,23,OK,,
2026-09-09 11:35:50,Intel Produkte,https://www.medion.com/de/shop/lp/intel-produkte,29,OK,,
2026-09-09 11:35:50,Intel PC,https://www.medion.com/de/shop/lp/intel-pc,9,OK,,
2026-09-09 11:35:50,Intel Games Bundle Produkte,https://www.medion.com/de/shop/lp/intel-games-bundle-produkte,17,OK,,
2026-09-09 11:35:50,Defender 17 P10,https://www.medion.com/de/shop/lp/erazer/defender-17-p10,3,OK,,
2026-09-09 11:35:50,Beast 16 X10,https://www.medion.com/de/shop/lp/erazer/beast-16-x10,4,OK,,
2026-09-09 11:35:50,Lieferung bis Weihnachten,https://www.medion.com/de/shop/lieferung-bis-weihnachten,412,OK,,
2026-09-09 11:35:50,Lenovo Produkte,https://www.medion.com/de/shop/lenovo-produkte,4,OK,,
2026-09-09 11:35:50,Laptop-Zubehör,https://www.medion.com/de/shop/laptops/zubehoer,5,OK,,
2026-09-09 11:35:50,Sprchrgd Laptops,https://www.medion.com/de/shop/laptops/sprchrgd,2,OK,,
2026-09-09 11:35:50,Multimedia-Laptops,https://www.medion.com/de/shop/laptops/multimedia,11,OK,,
2026-09-09 11:35:50,KI gestützte Laptops,https://www.medion.com/de/shop/laptops/ki,3,OK,,
2026-09-09 11:35:50,Intel Core i7,https://www.medion.com/de/shop/laptops/intel-core-i7,4,OK,,
2026-09-09 11:35:50,Intel Core i5,https://www.medion.com/de/shop/laptops/intel-core-i5,2,OK,,
2026-09-09 11:35:50,Intel Core Laptops,https://www.medion.com/de/shop/laptops/intel-core,19,OK,,
2026-09-09 11:35:50,Homeoffice Laptops,https://www.medion.com/de/shop/laptops/homeoffice,12,OK,,
2026-09-09 11:35:50,Einsteiger-Laptops,https://www.medion.com/de/shop/laptops/einsteiger,1,OK,,
2026-09-09 11:35:50,Laptops Angebote,https://www.medion.com/de/shop/laptops/angebote,9,OK,,
2026-09-09 11:35:50,AMD Ryzen,https://www.medion.com/de/shop/laptops/amd-ryzen,4,OK,,
2026-09-09 11:35:50,18'' Laptops,https://www.medion.com/de/shop/laptops/18-zoll,1,OK,,
2026-09-09 11:35:50,17'' Laptops,https://www.medion.com/de/shop/laptops/17-zoll,6,OK,,
2026-09-09 11:35:50,16'' Laptops,https://www.medion.com/de/shop/laptops/16-zoll,412,OK,,
2026-09-09 11:35:50,15'' Laptops,https://www.medion.com/de/shop/laptops/15-zoll,2,OK,,
2026-09-09 11:35:50,14'' Laptops,https://www.medion.com/de/shop/laptops/14-zoll,4,OK,,
2026-09-09 11:35:50,Alle Laptops,https://www.medion.com/de/shop/laptops,12,OK,,
2026-09-09 11:35:50,Reinigungsgeräte,https://www.medion.com/de/shop/kuechengeraete-reinigung,30,OK,,
2026-09-09 11:35:50,Frühstück,https://www.medion.com/de/shop/kuechengeraete-fruehstueck,11,OK,,
2026-09-09 11:35:50,Wasserkocher,https://www.medion.com/de/shop/kueche/wasserkocher,4,OK,,
2026-09-09 11:35:50,Toaster,https://www.medion.com/de/shop/kueche/toaster,4,OK,,
2026-09-09 11:35:50,Gaming Days,https://www.medion.com/at/shop/gaming-days,,NOT_FOUND,,
2026-09-09 11:35:50,Mini Kühlschrank,https://www.medion.com/de/shop/kueche/mini-kuehlschraenke,4,OK,,
2026-09-09 11:35:50,Mikrowellen,https://www.medion.com/de/shop/kueche/mikrowellen,22,OK,,
2026-09-09 11:35:50,Kühlschränke,https://www.medion.com/de/shop/kueche/kuehlschraenke,10,OK,,
2026-09-09 11:35:50,Kühl- & Gefrierschränke,https://www.medion.com/de/shop/kueche/kuehl-gefrierschraenke,8,OK,,
2026-09-09 11:35:50,Kühlen & Gefrieren,https://www.medion.com/de/shop/kueche/kuehlen-gefrieren,26,OK,,
2026-09-09 11:35:50,Kühlboxen,https://www.medion.com/de/shop/kueche/kuehlboxen,4,OK,,
2026-09-09 11:35:50,Küchenmaschinen,https://www.medion.com/de/shop/kueche/kuechenmaschinen,9,OK,,
2026-09-09 11:35:50,Küchenkleingeräte,https://www.medion.com/de/shop/kueche/kuechenkleingeraete,65,OK,,
2026-09-09 11:35:50,Kochen & Zubereiten,https://www.medion.com/de/shop/kueche/kuechengeraete-kochen,63,OK,,
2026-09-09 11:35:50,Kaffeemaschinen,https://www.medion.com/de/shop/kueche/kaffeemaschinen,3,OK,,
2026-09-09 11:35:50,Induktionskochplatten,https://www.medion.com/de/shop/kueche/induktionskochplatten,6,OK,,
2026-09-09 11:35:50,Heißluftfritteuse mit zwei Kammern,https://www.medion.com/de/shop/kueche/heissluftfritteusen/doppelkammer,4,OK,,
2026-09-09 11:35:50,Alle Heissluftfritteusen,https://www.medion.com/de/shop/kueche/heissluftfritteusen,19,OK,,
2026-09-09 11:35:50,Grills,https://www.medion.com/de/shop/kueche/grills,1,OK,,
2026-09-09 11:35:50,Geschirrspüler,https://www.medion.com/de/shop/kueche/geschirrspueler,9,OK,,
2026-09-09 11:35:50,Gefrierschränke,https://www.medion.com/de/shop/kueche/gefrierschraenke,8,OK,,
2026-09-09 11:35:50,Eiswürfelmaschinen,https://www.medion.com/de/shop/kueche/eiswuerfelmaschinen,2,OK,,
2026-09-09 11:35:50,Eismaschinen,https://www.medion.com/de/shop/kueche/eismaschine,6,OK,,
2026-09-09 11:35:50,Brotbackautomaten,https://www.medion.com/de/shop/kueche/brotbackautomaten,2,OK,,
2026-09-09 11:35:50,Küchen-Angebote,https://www.medion.com/de/shop/kueche/angebote,35,OK,,
2026-09-09 11:35:50,Alle Küchengeräte,https://www.medion.com/de/shop/kueche/alle,65,OK,,
2026-09-09 11:35:50,Fitness & Gesundheit,https://www.medion.com/de/shop/koerperpflege-gesundheit,8,OK,,
2026-09-09 11:35:50,Kochen & Backen,https://www.medion.com/de/shop/kochen-backen,57,OK,,
2026-09-09 11:35:50,Klimageräte,https://www.medion.com/de/shop/klimageraete,2,OK,,
2026-09-09 11:35:50,Kabelloses Glätteisen HS2,https://www.medion.com/de/shop/kabelloses-glaetteisen-hs2,2,OK,,
2026-09-09 11:35:50,Inventur Sale,https://www.medion.com/at/shop/inventur-sale,63,OK,,
2026-09-09 11:35:50,Internetradios,https://www.medion.com/de/shop/internetradios,7,OK,,
2026-09-09 11:35:50,Intel® Core™ Ultra Prozessoren,https://www.medion.com/de/shop/intel-core-ultra-series-2-produkte,23,OK,,
2026-09-09 11:35:50,Intel Core PCs,https://www.medion.com/de/shop/intel-core-pcs,2,OK,,
2026-09-09 11:35:50,Intel Core Gaming Laptops,https://www.medion.com/de/shop/intel-core-gaming-laptops,2,OK,,
2026-09-09 11:35:50,Intel 13 Alle,https://www.medion.com/de/shop/intel-13-alle,6,OK,,
2026-09-09 11:35:50,Hobby & Freizeit,https://www.medion.com/de/shop/hobby-und-freizeit,12,OK,,
2026-09-09 11:35:50,High End Gaming PCs,https://www.medion.com/de/shop/high-end-gaming-pc,9,OK,,
2026-09-09 11:35:50,High End Gaming Notebooks,https://www.medion.com/de/shop/high-end-gaming-notebooks,7,OK,,
2026-09-09 11:35:50,Heizen & Kühlen,https://www.medion.com/de/shop/heizen-kuehlen,9,OK,,
2026-09-09 11:35:50,Haushalt-Zubehör,https://www.medion.com/de/shop/haushalt-zubehoer,58,OK,,
2026-09-09 11:35:50,Alexa Haushalt,https://www.medion.com/de/shop/haushalt-alexa,11,OK,,
2026-09-09 11:35:50,zubehoer-p400-p350,https://www.medion.com/de/shop/haushalt/stielstaubsauger/zubehoer-p400-p350,4,OK,,
2026-09-09 11:35:50,Alle Reinigungsgeräte,https://www.medion.com/de/shop/haushalt/reinigungsgeraete,30,OK,,
2026-09-09 11:35:50,Polsterreiniger,https://www.medion.com/de/shop/haushalt/polsterreiniger,1,OK,,
2026-09-09 11:35:50,Overlock Nähmaschinen,https://www.medion.com/de/shop/haushalt/naehmaschinen/overlock,2,OK,,
2026-09-09 11:35:50,Freiarm Nähmaschinen,https://www.medion.com/de/shop/haushalt/naehmaschinen/freiarm,4,OK,,
2026-09-09 11:35:50,Digitale Nähmaschinen,https://www.medion.com/de/shop/haushalt/naehmaschinen/digital,2,OK,,
2026-09-09 11:35:50,Nähmaschinen,https://www.medion.com/de/shop/haushalt/naehmaschinen,11,OK,,
2026-09-09 11:35:50,luftentfeuchter,https://www.medion.com/de/shop/haushalt/heizen-kuehlen/luftentfeuchter,3,OK,,
2026-09-09 11:35:50,Alle Haushalt- und Freizeit-Produkte,https://www.medion.com/de/shop/haushalt/alle,60,OK,,
2026-09-09 11:35:50,Haushalt- & Freizeit-Angebote,https://www.medion.com/de/shop/haushalt/angebote,27,OK,,
2026-09-09 11:35:50,Alle Haushalt- und Freizeit-Produkte,https://www.medion.com/at/shop/haushalt-freizeit-alle,53,OK,,
2026-09-09 11:35:50,Handstaubsauger,https://www.medion.com/de/shop/handstaubsauger,5,OK,,
2026-09-09 11:35:50,Haartrockner LIFE HD2,https://www.medion.com/de/shop/haartrockner-life-hd2,2,OK,,
2026-09-09 11:35:50,Haartrockner,https://www.medion.com/de/shop/haarpflege/haartrockner,2,OK,,
2026-09-09 11:35:50,Glätteisen,https://www.medion.com/de/shop/haarpflege/glaetteisen,4,OK,,
2026-09-09 11:35:50,Glättbürsten,https://www.medion.com/de/shop/haarpflege/glaettbuersten,2,OK,,
2026-09-09 11:35:50,Haarpflege,https://www.medion.com/de/shop/haarpflege,8,OK,,
2026-09-09 11:35:50,Glätteisen LIFE HS1,https://www.medion.com/de/shop/glaetteisen-life-hs1,2,OK,,
2026-09-09 11:35:50,Geschenke bis 400 Euro,https://www.medion.com/de/shop/geschenke-bis-400-euro,87,OK,,
2026-09-09 11:35:50,Geschenke bis 250€,https://www.medion.com/de/shop/geschenke-bis-250-euro,168,OK,,
2026-09-09 11:35:50,Geschenke bis 100€,https://www.medion.com/de/shop/geschenke-bis-100-euro,161,OK,,
2026-09-09 11:35:50,Geschenke ab 400 Euro,https://www.medion.com/de/shop/geschenke-ab-400-euro,61,OK,,
2026-09-09 11:35:50,Garten Angebote,https://www.medion.com/de/shop/garten-angebote,17,OK,,
2026-09-09 11:35:50,Slush Eis Maschine,https://www.medion.com/at/shop/kueche/slush-eis-maschine,6,OK,,
2026-09-09 11:35:50,Gaming-Zubehör,https://www.medion.com/de/shop/gaming/zubehoer,3,OK,,
2026-09-09 11:35:50,Gaming-PCs,https://www.medion.com/de/shop/gaming/pc,14,OK,,
2026-09-09 11:35:50,Gaming-Monitore,https://www.medion.com/de/shop/gaming/monitor,3,OK,,
2026-09-09 11:35:50,Gaming-Laptops,https://www.medion.com/de/shop/gaming/laptop,15,OK,,
2026-09-09 11:35:50,Angebote Gaming,https://www.medion.com/de/shop/gaming/angebote,12,OK,,
2026-09-09 11:35:50,Alle Gaming Produkte,https://www.medion.com/de/shop/gaming/alle,35,OK,,
2026-09-09 11:35:50,Frühjahrsputz,https://www.medion.com/de/shop/fruehjahrsputz,30,OK,,
2026-09-09 11:35:50,weitere Modelle,https://www.medion.com/de/shop/fm-radios,17,OK,,
2026-09-09 11:35:50,Festival,https://www.medion.com/de/shop/festival,27,OK,,
2026-09-09 11:35:50,Heimkinosystem,https://www.medion.com/de/shop/entertainment,4,OK,,
2026-09-09 11:35:50,Einsteiger PC,https://www.medion.com/de/shop/einsteiger-pc,1,OK,,
2026-09-09 11:35:50,DAB Radios,https://www.medion.com/de/shop/dab-radios,10,OK,,
2026-09-09 11:35:50,Core Gaming PCs,https://www.medion.com/de/shop/core-gaming-pc,5,OK,,
2026-09-09 11:35:50,Core Gaming Notebooks,https://www.medion.com/de/shop/core-gaming-notebooks,8,OK,,
2026-09-09 11:35:50,Camping,https://www.medion.com/de/shop/camping,35,OK,,
2026-09-09 11:35:50,Back to Uni Tablet,https://www.medion.com/de/shop/btu-tablets,2,OK,,
2026-09-09 11:35:50,Back to Uni Radio,https://www.medion.com/de/shop/btu-radios,34,OK,,
2026-09-09 11:35:50,Back to Uni Frühstück,https://www.medion.com/de/shop/btu-fruehstuecken,10,OK,,
2026-09-09 11:35:50,Back to Uni Freizeit,https://www.medion.com/de/shop/btu-freizeit,43,OK,,
2026-09-09 11:35:50,Bodenreiniger,https://www.medion.com/de/shop/bodenreiniger,2,OK,,
2026-09-09 11:35:50,Bluetooth Lautsprecher,https://www.medion.com/de/shop/bluetooth-lautsprecher,12,OK,,
2026-09-09 11:35:50,Back to School,https://www.medion.com/de/shop/back-to-school,23,OK,,
2026-09-09 11:35:50,Wecker,https://www.medion.com/de/shop/audio/wecker,3,OK,,
2026-09-09 11:35:50,Radios,https://www.medion.com/de/shop/audio/radio,34,OK,,
2026-09-09 11:35:50,Partylautsprecher,https://www.medion.com/de/shop/audio/partylautsprecher,12,OK,,
2026-09-09 11:35:50,Audio-Systeme,https://www.medion.com/de/shop/audio/musikanlagen,12,OK,,
2026-09-09 11:35:50,Lautsprecher,https://www.medion.com/de/shop/audio/lautsprecher,12,OK,,
2026-09-09 11:35:50,Küchen-unterbauradio,https://www.medion.com/de/shop/audio/kuechenunterbauradios,3,OK,,
2026-09-09 11:35:50,Kopfhörer,https://www.medion.com/de/shop/audio/kopfhoerer,8,OK,,
2026-09-09 11:35:50,Boomboxen,https://www.medion.com/de/shop/audio/boomboxen,12,OK,,
2026-09-09 11:35:50,Bluetooth Kopfhörer,https://www.medion.com/de/shop/audio/bluetooth-kopfhoerer,6,OK,,
2026-09-09 11:35:50,Baustellenradio,https://www.medion.com/de/shop/audio/baustellenradio,4,OK,,
2026-09-09 11:35:50,Angebote Audio,https://www.medion.com/de/shop/audio/angebote,22,OK,,
2026-09-09 11:35:50,Alle Audio Produkte,https://www.medion.com/de/shop/audio/alle,65,OK,,
2026-09-09 11:35:50,Angebote bei MEDION,https://www.medion.com/de/shop/angebote,124,OK,,
2026-09-09 11:35:50,Alexa,https://www.medion.com/de/shop/alexa,11,OK,,
2026-09-09 11:35:50,Akoya PCs,https://www.medion.com/de/shop/akoya-pcs,1,OK,,
2026-09-09 11:35:50,Akku-Stielstaubsauger,https://www.medion.com/de/shop/akku-stielstaubsauger,8,OK,,
2026-09-09 11:35:50,Zyklon Staubsauger,https://www.medion.com/at/shop/zyklon-staubsauger,5,OK,,
2026-09-09 11:35:50,Work from Home PCs,https://www.medion.com/at/shop/work-from-home-pcs,9,OK,,
2026-09-09 11:35:50,work-from-home-alle,https://www.medion.com/at/shop/work-from-home-alle,19,OK,,
2026-09-09 11:35:50,Saugroboter,https://www.medion.com/de/shop/saugroboter/saugroboter-wischroboter,9,OK,,
2026-09-09 11:35:50,Saugroboter,https://www.medion.com/at/shop/saugroboter-wischroboter,9,OK,,
2026-09-09 11:35:50,Windows Update,https://www.medion.com/at/shop/windows-update,48,OK,,
2026-09-09 11:35:50,Versandkostenfrei,https://www.medion.com/at/shop/versandkostenfrei,266,OK,,
2026-09-09 11:35:50,Ventilatoren & Klimageräte,https://www.medion.com/at/shop/ventilatoren-klimageraete,5,OK,,
2026-09-09 11:35:50,Ventilatoren,https://www.medion.com/at/shop/ventilatoren,4,OK,,
2026-09-09 11:35:50,TV Kaufberater Auflösungen,https://www.medion.com/at/shop/tv-hd-fhd-uhd,375,OK,,
2026-09-09 11:35:50,TV Kaufberater Hintergrundbeleuchtung,https://www.medion.com/at/shop/tv-edge-led-direct-led,375,OK,,
2026-09-09 11:35:50,Vidaa TVs,https://www.medion.com/at/shop/tv/vidaa,14,OK,,
2026-09-09 11:35:50,TV-Soundbars,https://www.medion.com/at/shop/tv/soundbars,4,OK,,
2026-09-09 11:35:50,Smart TV,https://www.medion.com/at/shop/tv/smart-tv,16,OK,,
2026-09-09 11:35:50,QLED TVs,https://www.medion.com/at/shop/tv/qled,6,OK,,
2026-09-09 11:35:50,Premium-TVs,https://www.medion.com/at/shop/tv/premium,4,OK,,
2026-09-09 11:35:50,OLED TVs,https://www.medion.com/at/shop/tv/oled,375,OK,,
2026-09-09 11:35:50,TVs mit Soundbar,https://www.medion.com/at/shop/tv/mit-soundbar,40,OK,,
2026-09-09 11:35:50,Mobilen TVs,https://www.medion.com/at/shop/tv/mini,1,OK,,
2026-09-09 11:35:50,TV Kaufberater Micro Dimming,https://www.medion.com/at/shop/tv/micro-dimming,6,OK,,
2026-09-09 11:35:50,TV HDR,https://www.medion.com/at/shop/tv/hdr,26,OK,,
2026-09-09 11:35:50,HD TVs,https://www.medion.com/at/shop/tv/hd,5,OK,,
2026-09-09 11:35:50,Fire TVs,https://www.medion.com/at/shop/tv/fire-tv,375,OK,,
2026-09-09 11:35:50,FHD TVs,https://www.medion.com/at/shop/tv/fhd,17,OK,,
2026-09-09 11:35:50,Einsteiger,https://www.medion.com/at/shop/tv/einsteiger,6,OK,,
2026-09-09 11:35:50,TV Dolby Vision,https://www.medion.com/at/shop/tv/dolby-vision,12,OK,,
2026-09-09 11:35:50,bis ca. 80 cm (32''),https://www.medion.com/at/shop/tv/bis-32-zoll,10,OK,,
2026-09-09 11:35:50,TV Angebote,https://www.medion.com/at/shop/tv/angebote,19,OK,,
2026-09-09 11:35:50,Android TVs,https://www.medion.com/at/shop/tv/android-tv,8,OK,,
2026-09-09 11:35:50,4K UHD TVs,https://www.medion.com/at/shop/tv/4k-uhd,14,OK,,
2026-09-09 11:35:50,ca. 98 cm - 126 cm (39“ bis 50“),https://www.medion.com/at/shop/tv/39-bis-50-zoll,26,OK,,
2026-09-09 11:35:50,Alle TVs,https://www.medion.com/at/shop/tv,36,OK,,
2026-09-09 11:35:50,Turmventilatoren,https://www.medion.com/at/shop/turmventilatoren,375,OK,,
2026-09-09 11:35:50,Topseller,https://www.medion.com/at/shop/topseller,19,OK,,
2026-09-09 11:35:50,Mäuse und Tastaturen,https://www.medion.com/at/shop/tastaturen-und-maeuse,2,OK,,
2026-09-09 11:35:50,Alle Tablets,https://www.medion.com/at/shop/tablets-alle,2,OK,,
2026-09-09 11:35:50,Staubsauger,https://www.medion.com/at/shop/staubsauger-alle,10,OK,,
2026-09-09 11:35:50,Sportliche Angebote,https://www.medion.com/at/shop/sportliche-angebote,19,OK,,
2026-09-09 11:35:50,Sommer Angebote,https://www.medion.com/at/shop/sommer-angebote,46,OK,,
2026-09-09 11:35:50,Saugroboter X-Serie,https://www.medion.com/de/shop/saugroboter/saugroboter-x-serie,9,OK,,
2026-09-09 11:35:50,Smarte Produkte alle,https://www.medion.com/at/shop/smarte-produkte-alle,3,OK,,
2026-09-09 11:35:50,Saugroboter X-Serie,https://www.medion.com/at/shop/saugroboter-x-serie,9,OK,,
2026-09-09 11:35:50,zubehoer-x50,https://www.medion.com/de/shop/saugroboter/zubehoer-x50,4,OK,,
2026-09-09 11:35:50,zubehoer-x41-x42,https://www.medion.com/de/shop/saugroboter/zubehoer-x41-x42,6,OK,,
2026-09-09 11:35:50,zubehoer-x40,https://www.medion.com/de/shop/saugroboter/zubehoer-x40,4,OK,,
2026-09-09 11:35:50,zubehoer-x20,https://www.medion.com/de/shop/saugroboter/zubehoer-x20,5,OK,,
2026-09-09 11:35:50,zubehoer-x10,https://www.medion.com/de/shop/saugroboter/zubehoer-x10,3,OK,,
2026-09-09 11:35:50,zubehoer-s40,https://www.medion.com/de/shop/saugroboter/zubehoer-s40,2,OK,,
2026-09-09 11:35:50,zubehoer-s35,https://www.medion.com/de/shop/saugroboter/zubehoer-s35,412,OK,,
2026-09-09 11:35:50,zubehoer-s30,https://www.medion.com/de/shop/saugroboter/zubehoer-s30,412,OK,,
2026-09-09 11:35:50,zubehoer-s20,https://www.medion.com/de/shop/saugroboter/zubehoer-s20,3,OK,,
2026-09-09 11:35:50,zubehoer-s05,https://www.medion.com/de/shop/saugroboter/zubehoer-s05,412,OK,,
2026-09-09 11:35:50,Saugroboter-Zubehör,https://www.medion.com/de/shop/saugroboter-zubehoer,48,OK,,
2026-09-09 11:35:50,Saugroboter-Zubehör,https://www.medion.com/at/shop/saugroboter-zubehoer,47,OK,,
2026-09-09 11:35:50,Saugroboter mit Wischfunktion,https://www.medion.com/de/shop/saug-wischroboter,9,OK,,
2026-09-09 11:35:50,Saugroboter mit Wischfunktion,https://www.medion.com/at/shop/saug-wischroboter,9,OK,,
2026-09-09 11:35:50,Rückgaberecht,https://www.medion.com/at/shop/rueckgaberecht,375,OK,,
2026-09-09 11:35:50,Radios,https://www.medion.com/at/shop/radios,34,OK,,
2026-09-09 11:35:50,QLED OLED TVs,https://www.medion.com/at/shop/qled-oled-tvs,6,OK,,
2026-09-09 11:35:50,Performance-Fernseher,https://www.medion.com/at/shop/performance-fernseher,26,OK,,
2026-09-09 11:35:50,Gaming-PCs,https://www.medion.com/at/shop/pc-gamer,14,OK,,
2026-09-09 11:35:50,PC-Angebote,https://www.medion.com/at/shop/pc/angebote,4,OK,,
2026-09-09 11:35:50,Partylautsprecher,https://www.medion.com/at/shop/partylautsprecher,12,OK,,
2026-09-09 11:35:50,Party,https://www.medion.com/at/shop/party,12,OK,,
2026-09-09 11:35:50,Nvidia 50er Serie Produkte,https://www.medion.com/at/shop/nvidia-rtx-serie-50,19,OK,,
2026-09-09 11:35:50,NVIDIA RTX Produkte,https://www.medion.com/at/shop/nvidia-rtx-produkte,28,OK,,
2026-09-09 11:35:50,NVIDIA RTX Laptops,https://www.medion.com/at/shop/nvidia-rtx-laptops,14,OK,,
2026-09-09 11:35:50,Nvidia rtx,https://www.medion.com/at/shop/nvidia-rtx,28,OK,,
2026-09-09 11:35:50,NVIDIA PC,https://www.medion.com/at/shop/nvidia-pc,14,OK,,
2026-09-09 11:35:50,Neuheiten,https://www.medion.com/at/shop/neuheiten,17,OK,,
2026-09-09 11:35:50,Nähmaschinen,https://www.medion.com/at/shop/naehmaschinen,11,OK,,
2026-09-09 11:35:50,Nähmaschine,https://www.medion.com/at/shop/naehmaschine,11,OK,,
2026-09-09 11:35:50,Audio-Systeme,https://www.medion.com/at/shop/musikanlagen,12,OK,,
2026-09-09 11:35:50,Multimedia-PC,https://www.medion.com/at/shop/multimedia-pc,7,OK,,
2026-09-09 11:35:50,Monitor-Angebote,https://www.medion.com/at/shop/monitore/angebote,6,OK,,
2026-09-09 11:35:50,Monitore,https://www.medion.com/at/shop/monitore,4,OK,,
2026-09-09 11:35:50,Mini PCs,https://www.medion.com/at/shop/mini-pcs,6,OK,,
2026-09-09 11:35:50,Microsoft Jumpstart Gaming,https://www.medion.com/at/shop/microsoft-jumpstart-gaming,28,OK,,
2026-09-09 11:35:50,Microsoft Jumpstart,https://www.medion.com/at/shop/microsoft-jumpstart,49,OK,,
2026-09-09 11:35:50,Luftreiniger Alle,https://www.medion.com/at/shop/luftreiniger-alle,375,OK,,
2026-09-09 11:35:50,Laptop & PC Week,https://www.medion.com/at/shop/lp/laptop-pc-week,23,OK,,
2026-09-09 11:35:50,Intel Produkte,https://www.medion.com/at/shop/lp/intel-produkte,28,OK,,
2026-09-09 11:35:50,Intel PC,https://www.medion.com/at/shop/lp/intel-pc,9,OK,,
2026-09-09 11:35:50,Intel Games Bundle Produkte,https://www.medion.com/at/shop/lp/intel-games-bundle-produkte,16,OK,,
2026-09-09 11:35:50,Lieferung bis Weihnachten,https://www.medion.com/at/shop/lieferung-bis-weihnachten,375,OK,,
2026-09-09 11:35:50,Lenovo Produkte,https://www.medion.com/at/shop/lenovo-produkte,4,OK,,
2026-09-09 11:35:50,Lautsprecher,https://www.medion.com/at/shop/lautsprecher,12,OK,,
2026-09-09 11:35:50,Laptop-Zubehör,https://www.medion.com/at/shop/laptops/zubehoer,5,OK,,
2026-09-09 11:35:50,SPRCHRGD Laptops,https://www.medion.com/at/shop/laptops/sprchrgd,2,OK,,
2026-09-09 11:35:50,Multimedia-Laptops,https://www.medion.com/at/shop/laptops/multimedia,11,OK,,
2026-09-09 11:35:50,KI gestützte Laptops,https://www.medion.com/at/shop/laptops/ki,3,OK,,
2026-09-09 11:35:50,Intel Core i7,https://www.medion.com/at/shop/laptops/intel-core-i7,4,OK,,
2026-09-09 11:35:50,Intel Core i5,https://www.medion.com/at/shop/laptops/intel-core-i5,2,OK,,
2026-09-09 11:35:50,Intel Core Laptops,https://www.medion.com/at/shop/laptops/intel-core,18,OK,,
2026-09-09 11:35:50,Homeoffice Laptops,https://www.medion.com/at/shop/laptops/homeoffice,12,OK,,
2026-09-09 11:35:50,Einsteiger-Laptops,https://www.medion.com/at/shop/laptops/einsteiger,1,OK,,
2026-09-09 11:35:50,Laptops Angebote,https://www.medion.com/at/shop/laptops/angebote,7,OK,,
2026-09-09 11:35:50,AMD Ryzen,https://www.medion.com/at/shop/laptops/amd-ryzen,4,OK,,
2026-09-09 11:35:50,18'' Laptops,https://www.medion.com/at/shop/laptops/18-zoll,1,OK,,
2026-09-09 11:35:50,17'' Laptops,https://www.medion.com/at/shop/laptops/17-zoll,6,OK,,
2026-09-09 11:35:50,16'' Laptops,https://www.medion.com/at/shop/laptops/16-zoll,375,OK,,
2026-09-09 11:35:50,15'' Laptops,https://www.medion.com/at/shop/laptops/15-zoll,2,OK,,
2026-09-09 11:35:50,14'' Laptops,https://www.medion.com/at/shop/laptops/14-zoll,4,OK,,
2026-09-09 11:35:50,Alle Laptops,https://www.medion.com/at/shop/laptops,12,OK,,
2026-09-09 11:35:50,Kühlen & Gefrieren,https://www.medion.com/at/shop/kuehlen-gefrieren,20,OK,,
2026-09-09 11:35:50,Küchenkleingeräte,https://www.medion.com/at/shop/kuechenkleingeraete,65,OK,,
2026-09-09 11:35:50,Reinigungsgeräte,https://www.medion.com/at/shop/kuechengeraete-reinigung,23,OK,,
2026-09-09 11:35:50,Kochen & Zubereiten,https://www.medion.com/at/shop/kuechengeraete-kochen,63,OK,,
2026-09-09 11:35:50,Frühstück,https://www.medion.com/at/shop/kuechengeraete-fruehstueck,11,OK,,
2026-09-09 11:35:50,Wasserkocher,https://www.medion.com/at/shop/kueche/wasserkocher,4,OK,,
2026-09-09 11:35:50,Toaster,https://www.medion.com/at/shop/kueche/toaster,4,OK,,
2026-09-09 11:35:50,Mini-Kühlschrank,https://www.medion.com/at/shop/kueche/mini-kuehlschraenke,4,OK,,
2026-09-09 11:35:50,Mikrowellen,https://www.medion.com/at/shop/kueche/mikrowellen,22,OK,,
2026-09-09 11:35:50,Kühlschränke,https://www.medion.com/at/shop/kueche/kuehlschraenke,8,OK,,
2026-09-09 11:35:50,Kühl- & Gefrierschränke,https://www.medion.com/at/shop/kueche/kuehl-gefrierschraenke,4,OK,,
2026-09-09 11:35:50,Küchenmaschinen,https://www.medion.com/at/shop/kueche/kuechenmaschinen,9,OK,,
2026-09-09 11:35:50,Kaffeemaschinen,https://www.medion.com/at/shop/kueche/kaffeemaschinen,3,OK,,
2026-09-09 11:35:50,Induktionskochplatten,https://www.medion.com/at/shop/kueche/induktionskochplatten,6,OK,,
2026-09-09 11:35:50,doppelkammer,https://www.medion.com/at/shop/kueche/heissluftfritteusen/doppelkammer,4,OK,,
2026-09-09 11:35:50,Heissluftfritteusen Produkte,https://www.medion.com/at/shop/kueche/heissluftfritteusen,19,OK,,
2026-09-09 11:35:50,Grills,https://www.medion.com/at/shop/kueche/grills,1,OK,,
2026-09-09 11:35:50,Gefrierschränke,https://www.medion.com/at/shop/kueche/gefrierschraenke,6,OK,,
2026-09-09 11:35:50,Eiswürfelmaschinen,https://www.medion.com/at/shop/kueche/eiswuerfelmaschinen,2,OK,,
2026-09-09 11:35:50,Brotbackautomaten,https://www.medion.com/at/shop/kueche/brotbackautomaten,2,OK,,
2026-09-09 11:35:50,Küchen-Angebote,https://www.medion.com/at/shop/kueche/angebote,31,OK,,
2026-09-09 11:35:50,Alle Küchengeräte,https://www.medion.com/at/shop/kueche/alle,89,OK,,
2026-09-09 11:35:50,Küchen-Produkte,https://www.medion.com/at/shop/kueche,89,OK,,
2026-09-09 11:35:50,Kopfhörer,https://www.medion.com/at/shop/kopfhoerer,8,OK,,
2026-09-09 11:35:50,Fitness & Gesundheit,https://www.medion.com/at/shop/koerperpflege-gesundheit,8,OK,,
2026-09-09 11:35:50,Kochen & Backen,https://www.medion.com/at/shop/kochen-backen,57,OK,,
2026-09-09 11:35:50,Klimageräte,https://www.medion.com/at/shop/klimageraete,2,OK,,
2026-09-09 11:35:50,Wecker,https://www.medion.com/at/shop/kategorie-wecker,3,OK,,
2026-09-09 11:35:50,Inventur Sale,https://www.medion.com/de/shop/inventur-sale,67,OK,,
2026-09-09 11:35:50,Internetradios,https://www.medion.com/at/shop/internetradios,7,OK,,
2026-09-09 11:35:50,Intel® Core™ Ultra Prozessoren,https://www.medion.com/at/shop/intel-core-ultra-series-2-produkte,22,OK,,
2026-09-09 11:35:50,Intel Core PCs,https://www.medion.com/at/shop/intel-core-pcs,2,OK,,
2026-09-09 11:35:50,Intel Core Gaming Laptops,https://www.medion.com/at/shop/intel-core-gaming-laptops,2,OK,,
2026-09-09 11:35:50,Intel 13 Alle,https://www.medion.com/at/shop/intel-13-alle,6,OK,,
2026-09-09 11:35:50,Hobby & Freizeit,https://www.medion.com/at/shop/hobby-und-freizeit,12,OK,,
2026-09-09 11:35:50,High End Gaming PCs,https://www.medion.com/at/shop/high-end-gaming-pc,9,OK,,
2026-09-09 11:35:50,High End Gaming Notebooks,https://www.medion.com/at/shop/high-end-gaming-notebooks,6,OK,,
2026-09-09 11:35:50,Heizen & Kühlen,https://www.medion.com/at/shop/heizen-kuehlen,9,OK,,
2026-09-09 11:35:50,Haushalt-Zubehör,https://www.medion.com/at/shop/haushalt-zubehoer,57,OK,,
2026-09-09 11:35:50,Alexa Haushalt,https://www.medion.com/at/shop/haushalt-alexa,11,OK,,
2026-09-09 11:35:50,Alle Reinigungsgeräte,https://www.medion.com/at/shop/haushalt/reinigungsgeraete,23,OK,,
2026-09-09 11:35:50,Polsterreiniger,https://www.medion.com/at/shop/haushalt/polsterreiniger,1,OK,,
2026-09-09 11:35:50,Overlock Nähmaschinen,https://www.medion.com/at/shop/haushalt/naehmaschinen/overlock,2,OK,,
2026-09-09 11:35:50,Freiarm Nähmaschinen,https://www.medion.com/at/shop/haushalt/naehmaschinen/freiarm,4,OK,,
2026-09-09 11:35:50,Digitale Nähmaschinen,https://www.medion.com/at/shop/haushalt/naehmaschinen/digital,2,OK,,
2026-09-09 11:35:50,Luftentfeuchter,https://www.medion.com/at/shop/haushalt/luftentfeuchter,3,OK,,
2026-09-09 11:35:50,Kühlboxen,https://www.medion.com/at/shop/haushalt/kuehlboxen,4,OK,,
2026-09-09 11:35:50,Haushalt- & Freizeit-Angebote,https://www.medion.com/at/shop/haushalt/angebote,25,OK,,
2026-09-09 11:35:50,Handstaubsauger,https://www.medion.com/at/shop/handstaubsauger,5,OK,,
2026-09-09 11:35:50,Haartrockner,https://www.medion.com/at/shop/haarpflege/haartrockner,2,OK,,
2026-09-09 11:35:50,Glätteisen,https://www.medion.com/at/shop/haarpflege/glaetteisen,4,OK,,
2026-09-09 11:35:50,Glättbürsten,https://www.medion.com/at/shop/haarpflege/glaettbuersten,2,OK,,
2026-09-09 11:35:50,Haarpflege,https://www.medion.com/at/shop/haarpflege,8,OK,,
2026-09-09 11:35:50,Geschirrspüler,https://www.medion.com/at/shop/geschirrspueler,2,OK,,
2026-09-09 11:35:50,Geschenke bis 400 Euro,https://www.medion.com/at/shop/geschenke-bis-400-euro,63,OK,,
2026-09-09 11:35:50,Geschenke bis 250€,https://www.medion.com/at/shop/geschenke-bis-250-euro,156,OK,,
2026-09-09 11:35:50,Geschenke bis 100€,https://www.medion.com/at/shop/geschenke-bis-100-euro,161,OK,,
2026-09-09 11:35:50,Geschenke ab 400 Euro,https://www.medion.com/at/shop/geschenke-ab-400-euro,48,OK,,
2026-09-09 11:35:50,Garten Angebote,https://www.medion.com/at/shop/garten-angebote,17,OK,,
2026-09-09 11:35:50,Garantierte Lieferung,https://www.medion.com/at/shop/garantierte-lieferung,375,OK,,
2026-09-09 11:35:50,Gaming-Zubehör,https://www.medion.com/at/shop/gaming-zubehoer,3,OK,,
2026-09-09 11:35:50,Gaming-Monitore,https://www.medion.com/at/shop/gaming-monitore,3,OK,,
2026-09-09 11:35:50,Slush Eis Maschine,https://www.medion.com/de/shop/kueche/slush-eis-maschine,6,OK,,
2026-09-09 11:35:50,Alle Gaming Produkte,https://www.medion.com/at/shop/gaming-alle,34,OK,,
2026-09-09 11:35:50,Gaming-Laptops,https://www.medion.com/at/shop/gaming/laptop,14,OK,,
2026-09-09 11:35:50,Gaming Angebote,https://www.medion.com/at/shop/gaming/angebote,11,OK,,
2026-09-09 11:35:50,Frühjahrsputz,https://www.medion.com/at/shop/fruehjahrsputz,23,OK,,
2026-09-09 11:35:50,weitere Modelle,https://www.medion.com/at/shop/fm-radios,17,OK,,
2026-09-09 11:35:50,Festival,https://www.medion.com/at/shop/festival,27,OK,,
2026-09-09 11:35:50,Heimkinosystem,https://www.medion.com/at/shop/entertainment,4,OK,,
2026-09-09 11:35:50,Eismaschinen,https://www.medion.com/at/shop/eismaschinen,6,OK,,
2026-09-09 11:35:50,Einsteiger PC,https://www.medion.com/at/shop/einsteiger-pc,1,OK,,
2026-09-09 11:35:50,Drucker & Patronen,https://www.medion.com/at/shop/drucker,2,OK,,
2026-09-09 11:35:50,Desktop-PCs,https://www.medion.com/at/shop/desktop-pcs,1,OK,,
2026-09-09 11:35:50,DAB Radios,https://www.medion.com/at/shop/dab-radios,23,OK,,
2026-09-09 11:35:50,Core Gaming PCs,https://www.medion.com/at/shop/core-gaming-pc,5,OK,,
2026-09-09 11:35:50,Core Gaming Notebooks,https://www.medion.com/at/shop/core-gaming-notebooks,8,OK,,
2026-09-09 11:35:50,PC-Zubehör,https://www.medion.com/at/shop/computer-zubehoer,6,OK,,
2026-09-09 11:35:50,Camping,https://www.medion.com/at/shop/camping,30,OK,,
2026-09-09 11:35:50,Back to Uni Tablet,https://www.medion.com/at/shop/btu-tablets,2,OK,,
2026-09-09 11:35:50,Back to Uni Radio,https://www.medion.com/at/shop/btu-radios,34,OK,,
2026-09-09 11:35:50,Back to Uni Frühstück,https://www.medion.com/at/shop/btu-fruehstuecken,10,OK,,
2026-09-09 11:35:50,Back to Uni Freizeit,https://www.medion.com/at/shop/btu-freizeit,43,OK,,
2026-09-09 11:35:50,Bodenreiniger,https://www.medion.com/at/shop/bodenreiniger,2,OK,,
2026-09-09 11:35:50,Bluetooth Lautsprecher,https://www.medion.com/at/shop/bluetooth-lautsprecher,12,OK,,
2026-09-09 11:35:50,Back to School,https://www.medion.com/at/shop/back-to-school,23,OK,,
2026-09-09 11:35:50,Alle Audio Produkte,https://www.medion.com/at/shop/audio-alle,65,OK,,
2026-09-09 11:35:50,Bluetooth-Kopfhörer,https://www.medion.com/at/shop/audio/bluetooth-kopfhoerer,375,OK,,
2026-09-09 11:35:50,Audio Angebote,https://www.medion.com/at/shop/audio/angebote,22,OK,,
2026-09-09 11:35:50,Angebote bei MEDION,https://www.medion.com/at/shop/angebote,112,OK,,
2026-09-09 11:35:50,All-in-One-PCs,https://www.medion.com/at/shop/all-in-one-pc,2,OK,,
2026-09-09 11:35:50,Alle PCs,https://www.medion.com/at/shop/alle-pcs,9,OK,,
2026-09-09 11:35:50,Alexa,https://www.medion.com/at/shop/alexa,11,OK,,
2026-09-09 11:35:50,Akoya PCs,https://www.medion.com/at/shop/akoya-pcs,1,OK,,
2026-09-09 11:35:50,Akku-Stielstaubsauger,https://www.medion.com/at/shop/akku-stielstaubsauger,8,OK,,
2026-09-09 12:03:32,Zyklon Staubsauger,https://www.medion.com/de/shop/zyklon-staubsauger,5,OK,,
2026-09-09 12:03:32,Work from Home PCs,https://www.medion.com/de/shop/work-from-home-pcs,9,OK,,
2026-09-09 12:03:32,work-from-home-alle,https://www.medion.com/de/shop/work-from-home-alle,19,OK,,
2026-09-09 12:03:32,Saugroboter Alexa,https://www.medion.com/de/shop/alexa-saugroboter,8,OK,,
2026-09-09 12:03:32,Saugroboter Alexa,https://www.medion.com/at/shop/alexa-saugroboter,8,OK,,
2026-09-09 12:03:32,Windows Update,https://www.medion.com/de/shop/windows-update,49,OK,,
2026-09-09 12:03:32,Versandkostenfrei,https://www.medion.com/de/shop/versandkostenfrei,301,OK,,
2026-09-09 12:03:32,Ventilatoren & Klimageräte,https://www.medion.com/de/shop/ventilatoren-klimageraete,5,OK,,
2026-09-09 12:03:32,Ventilatoren,https://www.medion.com/de/shop/ventilatoren,4,OK,,
2026-09-09 12:03:32,Vidaa TVs,https://www.medion.com/de/shop/tv/vidaa,23,OK,,
2026-09-09 12:03:32,TiVo TVs,https://www.medion.com/de/shop/tv/tivo,4,OK,,
2026-09-09 12:03:32,TV-Soundbars,https://www.medion.com/de/shop/tv/soundbars,4,OK,,
2026-09-09 12:03:32,Smart TV,https://www.medion.com/de/shop/tv/smart-tv,32,OK,,
2026-09-09 12:03:32,QLED TVs,https://www.medion.com/de/shop/tv/qled,13,OK,,
2026-09-09 12:03:32,Premium-TVs,https://www.medion.com/de/shop/tv/premium,13,OK,,
2026-09-09 12:03:32,OLED TVs,https://www.medion.com/de/shop/tv/oled,2,OK,,
2026-09-09 12:03:32,TVs mit Soundbar,https://www.medion.com/de/shop/tv/mit-soundbar,62,OK,,
2026-09-09 12:03:32,Mini LED Tvs,https://www.medion.com/de/shop/tv/mini-led,2,OK,,
2026-09-09 12:03:32,Mobilen TVs,https://www.medion.com/de/shop/tv/mini,1,OK,,
2026-09-09 12:03:32,TV Kaufberater Micro Dimming,https://www.medion.com/de/shop/tv/micro-dimming,11,OK,,
2026-09-09 12:03:32,TV HDR,https://www.medion.com/de/shop/tv/hdr,48,OK,,
2026-09-09 12:03:32,HD TVs,https://www.medion.com/de/shop/tv/hd,5,OK,,
2026-09-09 12:03:32,Fire TVs,https://www.medion.com/de/shop/tv/fire-tv,412,OK,,
2026-09-09 12:03:32,FHD TVs,https://www.medion.com/de/shop/tv/fhd,17,OK,,
2026-09-09 12:03:32,Einsteiger,https://www.medion.com/de/shop/tv/einsteiger,6,OK,,
2026-09-09 12:03:32,TV Dolby Vision,https://www.medion.com/de/shop/tv/dolby-vision,31,OK,,
2026-09-09 12:03:32,bis ca. 80 cm (32''),https://www.medion.com/de/shop/tv/bis-32-zoll,10,OK,,
2026-09-09 12:03:32,Angebote TV,https://www.medion.com/de/shop/tv/angebote,25,OK,,
2026-09-09 12:03:32,Android TVs,https://www.medion.com/de/shop/tv/android-tv,8,OK,,
2026-09-09 12:03:32,ab ca. 139 cm (55“ ),https://www.medion.com/de/shop/tv/ab-55-zoll,22,OK,,
2026-09-09 12:03:32,4K UHD TVs,https://www.medion.com/de/shop/tv/4k-uhd,36,OK,,
2026-09-09 12:03:32,ca. 98 cm - 126 cm (39“ bis 50“),https://www.medion.com/de/shop/tv/39-bis-50-zoll,26,OK,,
2026-09-09 12:03:32,Alle TVs,https://www.medion.com/de/shop/tv,58,OK,,
2026-09-09 12:03:32,Turmventilatoren,https://www.medion.com/de/shop/turmventilatoren,412,OK,,
2026-09-09 12:03:32,Topseller,https://www.medion.com/de/shop/topseller,19,OK,,
2026-09-09 12:03:32,Alle Tablets,https://www.medion.com/de/shop/tablets-alle,2,OK,,
2026-09-09 12:03:32,Staubsauger,https://www.medion.com/de/shop/staubsauger-alle,10,OK,,
2026-09-09 12:03:32,Sportliche Angebote,https://www.medion.com/de/shop/sportliche-angebote,25,OK,,
2026-09-09 12:03:32,Sommer Angebote,https://www.medion.com/de/shop/sommer-angebote,52,OK,,
2026-09-09 12:03:32,Smarte Produkte alle,https://www.medion.com/de/shop/smarte-produkte-alle,3,OK,,
2026-09-09 12:03:32,Poolroboter,https://www.medion.com/de/shop/haushalt/poolroboter,1,OK,,
2026-09-09 12:03:32,Alle Laptops,https://www.medion.com/de/shop/searchpages/alle-laptops,27,OK,,
2026-09-09 12:03:32,Poolroboter,https://www.medion.com/at/shop/haushalt/poolroboter,1,OK,,
2026-09-09 12:03:32,Saugroboter S-Serie,https://www.medion.com/at/shop/saugroboter-s-serie,7,OK,,
2026-09-09 12:03:32,Rückgaberecht,https://www.medion.com/de/shop/rueckgaberecht,412,OK,,
2026-09-09 12:03:32,PC-Zubehör,https://www.medion.com/de/shop/pc/zubehoer,6,OK,,
2026-09-09 12:03:32,Mäuse und Tastaturen,https://www.medion.com/de/shop/pc/tastatur-maus,2,OK,,
2026-09-09 12:03:32,Monitore,https://www.medion.com/de/shop/pc/monitor,4,OK,,
2026-09-09 12:03:32,Mini PCs,https://www.medion.com/de/shop/pc/mini,6,OK,,
2026-09-09 12:03:32,Drucker,https://www.medion.com/de/shop/pc/drucker,2,OK,,
2026-09-09 12:03:32,Desktop-PCs,https://www.medion.com/de/shop/pc/desktop,1,OK,,
2026-09-09 12:03:32,Angebote PC & Monitore,https://www.medion.com/de/shop/pc/angebote,4,OK,,
2026-09-09 12:03:32,All-in-One-PCs,https://www.medion.com/de/shop/pc/all-in-one,2,OK,,
2026-09-09 12:03:32,Alle PCs,https://www.medion.com/de/shop/pc/alle,9,OK,,
2026-09-09 12:03:32,Paypal null Prozent Finanzierung,https://www.medion.com/de/shop/paypal-null-prozent-finanzierung,203,OK,,
2026-09-09 12:03:32,Party,https://www.medion.com/de/shop/party,12,OK,,
2026-09-09 12:03:32,Nvidia 50er Serie Produkte,https://www.medion.com/de/shop/nvidia-rtx-serie-50,20,OK,,
2026-09-09 12:03:32,NVIDIA RTX Produkte,https://www.medion.com/de/shop/nvidia-rtx-produkte,29,OK,,
2026-09-09 12:03:32,NVIDIA RTX Laptops,https://www.medion.com/de/shop/nvidia-rtx-laptops,15,OK,,
2026-09-09 12:03:32,Nvidia rtx,https://www.medion.com/de/shop/nvidia-rtx,29,OK,,
2026-09-09 12:03:32,NVIDIA PC,https://www.medion.com/de/shop/nvidia-pc,14,OK,,
2026-09-09 12:03:32,Neuheiten,https://www.medion.com/de/shop/neuheiten,18,OK,,
2026-09-09 12:03:32,Multimedia-PC,https://www.medion.com/de/shop/multimedia-pc,7,OK,,
2026-09-09 12:03:32,Monitor-Angebote,https://www.medion.com/de/shop/monitore/angebote,6,OK,,
2026-09-09 12:03:32,Microsoft Jumpstart Gaming,https://www.medion.com/de/shop/microsoft-jumpstart-gaming,29,OK,,
2026-09-09 12:03:32,Microsoft Jumpstart,https://www.medion.com/de/shop/microsoft-jumpstart,50,OK,,
2026-09-09 12:03:32,Luftreiniger Alle,https://www.medion.com/de/shop/luftreiniger-alle,412,OK,,
2026-09-09 12:03:32,TV-Aktion,https://www.medion.com/de/shop/lp/tv-aktion,15,OK,,
2026-09-09 12:03:32,Laptop & PC Week,https://www.medion.com/de/shop/lp/laptop-pc-week,23,OK,,
2026-09-09 12:03:32,Intel Produkte,https://www.medion.com/de/shop/lp/intel-produkte,29,OK,,
2026-09-09 12:03:32,Intel PC,https://www.medion.com/de/shop/lp/intel-pc,9,OK,,
2026-09-09 12:03:32,Intel Games Bundle Produkte,https://www.medion.com/de/shop/lp/intel-games-bundle-produkte,17,OK,,
2026-09-09 12:03:32,Defender 17 P10,https://www.medion.com/de/shop/lp/erazer/defender-17-p10,3,OK,,
2026-09-09 12:03:32,Beast 16 X10,https://www.medion.com/de/shop/lp/erazer/beast-16-x10,4,OK,,
2026-09-09 12:03:32,Lieferung bis Weihnachten,https://www.medion.com/de/shop/lieferung-bis-weihnachten,412,OK,,
2026-09-09 12:03:32,Lenovo Produkte,https://www.medion.com/de/shop/lenovo-produkte,4,OK,,
2026-09-09 12:03:32,Laptop-Zubehör,https://www.medion.com/de/shop/laptops/zubehoer,5,OK,,
2026-09-09 12:03:32,Sprchrgd Laptops,https://www.medion.com/de/shop/laptops/sprchrgd,2,OK,,
2026-09-09 12:03:32,Multimedia-Laptops,https://www.medion.com/de/shop/laptops/multimedia,11,OK,,
2026-09-09 12:03:32,KI gestützte Laptops,https://www.medion.com/de/shop/laptops/ki,3,OK,,
2026-09-09 12:03:32,Intel Core i7,https://www.medion.com/de/shop/laptops/intel-core-i7,4,OK,,
2026-09-09 12:03:32,Intel Core i5,https://www.medion.com/de/shop/laptops/intel-core-i5,2,OK,,
2026-09-09 12:03:32,Intel Core Laptops,https://www.medion.com/de/shop/laptops/intel-core,19,OK,,
2026-09-09 12:03:32,Homeoffice Laptops,https://www.medion.com/de/shop/laptops/homeoffice,12,OK,,
2026-09-09 12:03:32,Einsteiger-Laptops,https://www.medion.com/de/shop/laptops/einsteiger,1,OK,,
2026-09-09 12:03:32,Laptops Angebote,https://www.medion.com/de/shop/laptops/angebote,9,OK,,
2026-09-09 12:03:32,AMD Ryzen,https://www.medion.com/de/shop/laptops/amd-ryzen,4,OK,,
2026-09-09 12:03:32,18'' Laptops,https://www.medion.com/de/shop/laptops/18-zoll,1,OK,,
2026-09-09 12:03:32,17'' Laptops,https://www.medion.com/de/shop/laptops/17-zoll,6,OK,,
2026-09-09 12:03:32,16'' Laptops,https://www.medion.com/de/shop/laptops/16-zoll,412,OK,,
2026-09-09 12:03:32,15'' Laptops,https://www.medion.com/de/shop/laptops/15-zoll,2,OK,,
2026-09-09 12:03:32,14'' Laptops,https://www.medion.com/de/shop/laptops/14-zoll,4,OK,,
2026-09-09 12:03:32,Alle Laptops,https://www.medion.com/de/shop/laptops,12,OK,,
2026-09-09 12:03:32,Reinigungsgeräte,https://www.medion.com/de/shop/kuechengeraete-reinigung,30,OK,,
2026-09-09 12:03:32,Frühstück,https://www.medion.com/de/shop/kuechengeraete-fruehstueck,11,OK,,
2026-09-09 12:03:32,Wasserkocher,https://www.medion.com/de/shop/kueche/wasserkocher,4,OK,,
2026-09-09 12:03:32,Toaster,https://www.medion.com/de/shop/kueche/toaster,4,OK,,
2026-09-09 12:03:32,Gaming Days,https://www.medion.com/at/shop/gaming-days,,NOT_FOUND,,
2026-09-09 12:03:32,Mini Kühlschrank,https://www.medion.com/de/shop/kueche/mini-kuehlschraenke,4,OK,,
2026-09-09 12:03:32,Mikrowellen,https://www.medion.com/de/shop/kueche/mikrowellen,22,OK,,
2026-09-09 12:03:32,Kühlschränke,https://www.medion.com/de/shop/kueche/kuehlschraenke,10,OK,,
2026-09-09 12:03:32,Kühl- & Gefrierschränke,https://www.medion.com/de/shop/kueche/kuehl-gefrierschraenke,8,OK,,
2026-09-09 12:03:32,Kühlen & Gefrieren,https://www.medion.com/de/shop/kueche/kuehlen-gefrieren,26,OK,,
2026-09-09 12:03:32,Kühlboxen,https://www.medion.com/de/shop/kueche/kuehlboxen,4,OK,,
2026-09-09 12:03:32,Küchenmaschinen,https://www.medion.com/de/shop/kueche/kuechenmaschinen,9,OK,,
2026-09-09 12:03:32,Küchenkleingeräte,https://www.medion.com/de/shop/kueche/kuechenkleingeraete,65,OK,,
2026-09-09 12:03:32,Kochen & Zubereiten,https://www.medion.com/de/shop/kueche/kuechengeraete-kochen,63,OK,,
2026-09-09 12:03:32,Kaffeemaschinen,https://www.medion.com/de/shop/kueche/kaffeemaschinen,3,OK,,
2026-09-09 12:03:32,Induktionskochplatten,https://www.medion.com/de/shop/kueche/induktionskochplatten,6,OK,,
2026-09-09 12:03:32,Heißluftfritteuse mit zwei Kammern,https://www.medion.com/de/shop/kueche/heissluftfritteusen/doppelkammer,4,OK,,
2026-09-09 12:03:32,Alle Heissluftfritteusen,https://www.medion.com/de/shop/kueche/heissluftfritteusen,19,OK,,
2026-09-09 12:03:32,Grills,https://www.medion.com/de/shop/kueche/grills,1,OK,,
2026-09-09 12:03:32,Geschirrspüler,https://www.medion.com/de/shop/kueche/geschirrspueler,9,OK,,
2026-09-09 12:03:32,Gefrierschränke,https://www.medion.com/de/shop/kueche/gefrierschraenke,8,OK,,
2026-09-09 12:03:32,Eiswürfelmaschinen,https://www.medion.com/de/shop/kueche/eiswuerfelmaschinen,2,OK,,
2026-09-09 12:03:32,Eismaschinen,https://www.medion.com/de/shop/kueche/eismaschine,6,OK,,
2026-09-09 12:03:32,Brotbackautomaten,https://www.medion.com/de/shop/kueche/brotbackautomaten,2,OK,,
2026-09-09 12:03:32,Küchen-Angebote,https://www.medion.com/de/shop/kueche/angebote,35,OK,,
2026-09-09 12:03:32,Alle Küchengeräte,https://www.medion.com/de/shop/kueche/alle,65,OK,,
2026-09-09 12:03:32,Fitness & Gesundheit,https://www.medion.com/de/shop/koerperpflege-gesundheit,8,OK,,
2026-09-09 12:03:32,Kochen & Backen,https://www.medion.com/de/shop/kochen-backen,57,OK,,
2026-09-09 12:03:32,Klimageräte,https://www.medion.com/de/shop/klimageraete,2,OK,,
2026-09-09 12:03:32,Kabelloses Glätteisen HS2,https://www.medion.com/de/shop/kabelloses-glaetteisen-hs2,2,OK,,
2026-09-09 12:03:32,Inventur Sale,https://www.medion.com/at/shop/inventur-sale,63,OK,,
2026-09-09 12:03:32,Internetradios,https://www.medion.com/de/shop/internetradios,7,OK,,
2026-09-09 12:03:32,Intel® Core™ Ultra Prozessoren,https://www.medion.com/de/shop/intel-core-ultra-series-2-produkte,23,OK,,
2026-09-09 12:03:32,Intel Core PCs,https://www.medion.com/de/shop/intel-core-pcs,2,OK,,
2026-09-09 12:03:32,Intel Core Gaming Laptops,https://www.medion.com/de/shop/intel-core-gaming-laptops,2,OK,,
2026-09-09 12:03:32,Intel 13 Alle,https://www.medion.com/de/shop/intel-13-alle,6,OK,,
2026-09-09 12:03:32,Hobby & Freizeit,https://www.medion.com/de/shop/hobby-und-freizeit,12,OK,,
2026-09-09 12:03:32,High End Gaming PCs,https://www.medion.com/de/shop/high-end-gaming-pc,9,OK,,
2026-09-09 12:03:32,High End Gaming Notebooks,https://www.medion.com/de/shop/high-end-gaming-notebooks,7,OK,,
2026-09-09 12:03:32,Heizen & Kühlen,https://www.medion.com/de/shop/heizen-kuehlen,9,OK,,
2026-09-09 12:03:32,Haushalt-Zubehör,https://www.medion.com/de/shop/haushalt-zubehoer,58,OK,,
2026-09-09 12:03:32,Alexa Haushalt,https://www.medion.com/de/shop/haushalt-alexa,11,OK,,
2026-09-09 12:03:32,zubehoer-p400-p350,https://www.medion.com/de/shop/haushalt/stielstaubsauger/zubehoer-p400-p350,4,OK,,
2026-09-09 12:03:32,Alle Reinigungsgeräte,https://www.medion.com/de/shop/haushalt/reinigungsgeraete,30,OK,,
2026-09-09 12:03:32,Polsterreiniger,https://www.medion.com/de/shop/haushalt/polsterreiniger,1,OK,,
2026-09-09 12:03:32,Overlock Nähmaschinen,https://www.medion.com/de/shop/haushalt/naehmaschinen/overlock,2,OK,,
2026-09-09 12:03:32,Freiarm Nähmaschinen,https://www.medion.com/de/shop/haushalt/naehmaschinen/freiarm,4,OK,,
2026-09-09 12:03:32,Digitale Nähmaschinen,https://www.medion.com/de/shop/haushalt/naehmaschinen/digital,2,OK,,
2026-09-09 12:03:32,Nähmaschinen,https://www.medion.com/de/shop/haushalt/naehmaschinen,11,OK,,
2026-09-09 12:03:32,luftentfeuchter,https://www.medion.com/de/shop/haushalt/heizen-kuehlen/luftentfeuchter,3,OK,,
2026-09-09 12:03:32,Alle Haushalt- und Freizeit-Produkte,https://www.medion.com/de/shop/haushalt/alle,60,OK,,
2026-09-09 12:03:32,Haushalt- & Freizeit-Angebote,https://www.medion.com/de/shop/haushalt/angebote,27,OK,,
2026-09-09 12:03:32,Alle Haushalt- und Freizeit-Produkte,https://www.medion.com/at/shop/haushalt-freizeit-alle,53,OK,,
2026-09-09 12:03:32,Handstaubsauger,https://www.medion.com/de/shop/handstaubsauger,5,OK,,
2026-09-09 12:03:32,Haartrockner LIFE HD2,https://www.medion.com/de/shop/haartrockner-life-hd2,2,OK,,
2026-09-09 12:03:32,Haartrockner,https://www.medion.com/de/shop/haarpflege/haartrockner,2,OK,,
2026-09-09 12:03:32,Glätteisen,https://www.medion.com/de/shop/haarpflege/glaetteisen,4,OK,,
2026-09-09 12:03:32,Glättbürsten,https://www.medion.com/de/shop/haarpflege/glaettbuersten,2,OK,,
2026-09-09 12:03:32,Haarpflege,https://www.medion.com/de/shop/haarpflege,8,OK,,
2026-09-09 12:03:32,Glätteisen LIFE HS1,https://www.medion.com/de/shop/glaetteisen-life-hs1,2,OK,,
2026-09-09 12:03:32,Geschenke bis 400 Euro,https://www.medion.com/de/shop/geschenke-bis-400-euro,87,OK,,
2026-09-09 12:03:32,Geschenke bis 250€,https://www.medion.com/de/shop/geschenke-bis-250-euro,168,OK,,
2026-09-09 12:03:32,Geschenke bis 100€,https://www.medion.com/de/shop/geschenke-bis-100-euro,161,OK,,
2026-09-09 12:03:32,Geschenke ab 400 Euro,https://www.medion.com/de/shop/geschenke-ab-400-euro,61,OK,,
2026-09-09 12:03:32,Garten Angebote,https://www.medion.com/de/shop/garten-angebote,17,OK,,
2026-09-09 12:03:32,Slush Eis Maschine,https://www.medion.com/at/shop/kueche/slush-eis-maschine,6,OK,,
2026-09-09 12:03:32,Gaming-Zubehör,https://www.medion.com/de/shop/gaming/zubehoer,3,OK,,
2026-09-09 12:03:32,Gaming-PCs,https://www.medion.com/de/shop/gaming/pc,14,OK,,
2026-09-09 12:03:32,Gaming-Monitore,https://www.medion.com/de/shop/gaming/monitor,3,OK,,
2026-09-09 12:03:32,Gaming-Laptops,https://www.medion.com/de/shop/gaming/laptop,15,OK,,
2026-09-09 12:03:32,Angebote Gaming,https://www.medion.com/de/shop/gaming/angebote,12,OK,,
2026-09-09 12:03:32,Alle Gaming Produkte,https://www.medion.com/de/shop/gaming/alle,35,OK,,
2026-09-09 12:03:32,Frühjahrsputz,https://www.medion.com/de/shop/fruehjahrsputz,30,OK,,
2026-09-09 12:03:32,weitere Modelle,https://www.medion.com/de/shop/fm-radios,17,OK,,
2026-09-09 12:03:32,Festival,https://www.medion.com/de/shop/festival,27,OK,,
2026-09-09 12:03:32,Heimkinosystem,https://www.medion.com/de/shop/entertainment,4,OK,,
2026-09-09 12:03:32,Einsteiger PC,https://www.medion.com/de/shop/einsteiger-pc,1,OK,,
2026-09-09 12:03:32,DAB Radios,https://www.medion.com/de/shop/dab-radios,10,OK,,
2026-09-09 12:03:32,Core Gaming PCs,https://www.medion.com/de/shop/core-gaming-pc,5,OK,,
2026-09-09 12:03:32,Core Gaming Notebooks,https://www.medion.com/de/shop/core-gaming-notebooks,8,OK,,
2026-09-09 12:03:32,Camping,https://www.medion.com/de/shop/camping,35,OK,,
2026-09-09 12:03:32,Back to Uni Tablet,https://www.medion.com/de/shop/btu-tablets,2,OK,,
2026-09-09 12:03:32,Back to Uni Radio,https://www.medion.com/de/shop/btu-radios,34,OK,,
2026-09-09 12:03:32,Back to Uni Frühstück,https://www.medion.com/de/shop/btu-fruehstuecken,10,OK,,
2026-09-09 12:03:32,Back to Uni Freizeit,https://www.medion.com/de/shop/btu-freizeit,43,OK,,
2026-09-09 12:03:32,Bodenreiniger,https://www.medion.com/de/shop/bodenreiniger,2,OK,,
2026-09-09 12:03:32,Bluetooth Lautsprecher,https://www.medion.com/de/shop/bluetooth-lautsprecher,12,OK,,
2026-09-09 12:03:32,Back to School,https://www.medion.com/de/shop/back-to-school,23,OK,,
2026-09-09 12:03:32,Wecker,https://www.medion.com/de/shop/audio/wecker,3,OK,,
2026-09-09 12:03:32,Radios,https://www.medion.com/de/shop/audio/radio,34,OK,,
2026-09-09 12:03:32,Partylautsprecher,https://www.medion.com/de/shop/audio/partylautsprecher,12,OK,,
2026-09-09 12:03:32,Audio-Systeme,https://www.medion.com/de/shop/audio/musikanlagen,12,OK,,
2026-09-09 12:03:32,Lautsprecher,https://www.medion.com/de/shop/audio/lautsprecher,12,OK,,
2026-09-09 12:03:32,Küchen-unterbauradio,https://www.medion.com/de/shop/audio/kuechenunterbauradios,3,OK,,
2026-09-09 12:03:32,Kopfhörer,https://www.medion.com/de/shop/audio/kopfhoerer,8,OK,,
2026-09-09 12:03:32,Boomboxen,https://www.medion.com/de/shop/audio/boomboxen,12,OK,,
2026-09-09 12:03:32,Bluetooth Kopfhörer,https://www.medion.com/de/shop/audio/bluetooth-kopfhoerer,6,OK,,
2026-09-09 12:03:32,Baustellenradio,https://www.medion.com/de/shop/audio/baustellenradio,4,OK,,
2026-09-09 12:03:32,Angebote Audio,https://www.medion.com/de/shop/audio/angebote,22,OK,,
2026-09-09 12:03:32,Alle Audio Produkte,https://www.medion.com/de/shop/audio/alle,65,OK,,
2026-09-09 12:03:32,Angebote bei MEDION,https://www.medion.com/de/shop/angebote,124,OK,,
2026-09-09 12:03:32,Alexa,https://www.medion.com/de/shop/alexa,11,OK,,
2026-09-09 12:03:32,Akoya PCs,https://www.medion.com/de/shop/akoya-pcs,1,OK,,
2026-09-09 12:03:32,Akku-Stielstaubsauger,https://www.medion.com/de/shop/akku-stielstaubsauger,8,OK,,
2026-09-09 12:03:32,Zyklon Staubsauger,https://www.medion.com/at/shop/zyklon-staubsauger,5,OK,,
2026-09-09 12:03:32,Work from Home PCs,https://www.medion.com/at/shop/work-from-home-pcs,9,OK,,
2026-09-09 12:03:32,work-from-home-alle,https://www.medion.com/at/shop/work-from-home-alle,19,OK,,
2026-09-09 12:03:32,Saugroboter,https://www.medion.com/de/shop/saugroboter/saugroboter-wischroboter,9,OK,,
2026-09-09 12:03:32,Saugroboter,https://www.medion.com/at/shop/saugroboter-wischroboter,9,OK,,
2026-09-09 12:03:32,Windows Update,https://www.medion.com/at/shop/windows-update,48,OK,,
2026-09-09 12:03:32,Versandkostenfrei,https://www.medion.com/at/shop/versandkostenfrei,266,OK,,
2026-09-09 12:03:32,Ventilatoren & Klimageräte,https://www.medion.com/at/shop/ventilatoren-klimageraete,5,OK,,
2026-09-09 12:03:32,Ventilatoren,https://www.medion.com/at/shop/ventilatoren,4,OK,,
2026-09-09 12:03:32,TV Kaufberater Auflösungen,https://www.medion.com/at/shop/tv-hd-fhd-uhd,375,OK,,
2026-09-09 12:03:32,TV Kaufberater Hintergrundbeleuchtung,https://www.medion.com/at/shop/tv-edge-led-direct-led,375,OK,,
2026-09-09 12:03:32,Vidaa TVs,https://www.medion.com/at/shop/tv/vidaa,14,OK,,
2026-09-09 12:03:32,TV-Soundbars,https://www.medion.com/at/shop/tv/soundbars,4,OK,,
2026-09-09 12:03:32,Smart TV,https://www.medion.com/at/shop/tv/smart-tv,16,OK,,
2026-09-09 12:03:32,QLED TVs,https://www.medion.com/at/shop/tv/qled,6,OK,,
2026-09-09 12:03:32,Premium-TVs,https://www.medion.com/at/shop/tv/premium,4,OK,,
2026-09-09 12:03:32,OLED TVs,https://www.medion.com/at/shop/tv/oled,375,OK,,
2026-09-09 12:03:32,TVs mit Soundbar,https://www.medion.com/at/shop/tv/mit-soundbar,40,OK,,
2026-09-09 12:03:32,Mobilen TVs,https://www.medion.com/at/shop/tv/mini,1,OK,,
2026-09-09 12:03:32,TV Kaufberater Micro Dimming,https://www.medion.com/at/shop/tv/micro-dimming,6,OK,,
2026-09-09 12:03:32,TV HDR,https://www.medion.com/at/shop/tv/hdr,26,OK,,
2026-09-09 12:03:32,HD TVs,https://www.medion.com/at/shop/tv/hd,5,OK,,
2026-09-09 12:03:32,Fire TVs,https://www.medion.com/at/shop/tv/fire-tv,375,OK,,
2026-09-09 12:03:32,FHD TVs,https://www.medion.com/at/shop/tv/fhd,17,OK,,
2026-09-09 12:03:32,Einsteiger,https://www.medion.com/at/shop/tv/einsteiger,6,OK,,
2026-09-09 12:03:32,TV Dolby Vision,https://www.medion.com/at/shop/tv/dolby-vision,12,OK,,
2026-09-09 12:03:32,bis ca. 80 cm (32''),https://www.medion.com/at/shop/tv/bis-32-zoll,10,OK,,
2026-09-09 12:03:32,TV Angebote,https://www.medion.com/at/shop/tv/angebote,19,OK,,
2026-09-09 12:03:32,Android TVs,https://www.medion.com/at/shop/tv/android-tv,8,OK,,
2026-09-09 12:03:32,4K UHD TVs,https://www.medion.com/at/shop/tv/4k-uhd,14,OK,,
2026-09-09 12:03:32,ca. 98 cm - 126 cm (39“ bis 50“),https://www.medion.com/at/shop/tv/39-bis-50-zoll,26,OK,,
2026-09-09 12:03:32,Alle TVs,https://www.medion.com/at/shop/tv,36,OK,,
2026-09-09 12:03:32,Turmventilatoren,https://www.medion.com/at/shop/turmventilatoren,375,OK,,
2026-09-09 12:03:32,Topseller,https://www.medion.com/at/shop/topseller,19,OK,,
2026-09-09 12:03:32,Mäuse und Tastaturen,https://www.medion.com/at/shop/tastaturen-und-maeuse,2,OK,,
2026-09-09 12:03:32,Alle Tablets,https://www.medion.com/at/shop/tablets-alle,2,OK,,
2026-09-09 12:03:32,Staubsauger,https://www.medion.com/at/shop/staubsauger-alle,10,OK,,
2026-09-09 12:03:32,Sportliche Angebote,https://www.medion.com/at/shop/sportliche-angebote,19,OK,,
2026-09-09 12:03:32,Sommer Angebote,https://www.medion.com/at/shop/sommer-angebote,46,OK,,
2026-09-09 12:03:32,Saugroboter X-Serie,https://www.medion.com/de/shop/saugroboter/saugroboter-x-serie,9,OK,,
2026-09-09 12:03:32,Smarte Produkte alle,https://www.medion.com/at/shop/smarte-produkte-alle,3,OK,,
2026-09-09 12:03:32,Saugroboter X-Serie,https://www.medion.com/at/shop/saugroboter-x-serie,9,OK,,
2026-09-09 12:03:32,zubehoer-x50,https://www.medion.com/de/shop/saugroboter/zubehoer-x50,4,OK,,
2026-09-09 12:03:32,zubehoer-x41-x42,https://www.medion.com/de/shop/saugroboter/zubehoer-x41-x42,6,OK,,
2026-09-09 12:03:32,zubehoer-x40,https://www.medion.com/de/shop/saugroboter/zubehoer-x40,4,OK,,
2026-09-09 12:03:32,zubehoer-x20,https://www.medion.com/de/shop/saugroboter/zubehoer-x20,5,OK,,
2026-09-09 12:03:32,zubehoer-x10,https://www.medion.com/de/shop/saugroboter/zubehoer-x10,3,OK,,
2026-09-09 12:03:32,zubehoer-s40,https://www.medion.com/de/shop/saugroboter/zubehoer-s40,2,OK,,
2026-09-09 12:03:32,zubehoer-s35,https://www.medion.com/de/shop/saugroboter/zubehoer-s35,412,OK,,
2026-09-09 12:03:32,zubehoer-s30,https://www.medion.com/de/shop/saugroboter/zubehoer-s30,412,OK,,
2026-09-09 12:03:32,zubehoer-s20,https://www.medion.com/de/shop/saugroboter/zubehoer-s20,3,OK,,
2026-09-09 12:03:32,zubehoer-s05,https://www.medion.com/de/shop/saugroboter/zubehoer-s05,412,OK,,
2026-09-09 12:03:32,Saugroboter-Zubehör,https://www.medion.com/de/shop/saugroboter-zubehoer,48,OK,,
2026-09-09 12:03:32,Saugroboter-Zubehör,https://www.medion.com/at/shop/saugroboter-zubehoer,47,OK,,
2026-09-09 12:03:32,Saugroboter mit Wischfunktion,https://www.medion.com/de/shop/saug-wischroboter,9,OK,,
2026-09-09 12:03:32,Saugroboter mit Wischfunktion,https://www.medion.com/at/shop/saug-wischroboter,9,OK,,
2026-09-09 12:03:32,Rückgaberecht,https://www.medion.com/at/shop/rueckgaberecht,375,OK,,
2026-09-09 12:03:32,Radios,https://www.medion.com/at/shop/radios,34,OK,,
2026-09-09 12:03:32,QLED OLED TVs,https://www.medion.com/at/shop/qled-oled-tvs,6,OK,,
2026-09-09 12:03:32,Performance-Fernseher,https://www.medion.com/at/shop/performance-fernseher,26,OK,,
2026-09-09 12:03:32,Gaming-PCs,https://www.medion.com/at/shop/pc-gamer,14,OK,,
2026-09-09 12:03:32,PC-Angebote,https://www.medion.com/at/shop/pc/angebote,4,OK,,
2026-09-09 12:03:32,Partylautsprecher,https://www.medion.com/at/shop/partylautsprecher,12,OK,,
2026-09-09 12:03:32,Party,https://www.medion.com/at/shop/party,12,OK,,
2026-09-09 12:03:32,Nvidia 50er Serie Produkte,https://www.medion.com/at/shop/nvidia-rtx-serie-50,19,OK,,
2026-09-09 12:03:32,NVIDIA RTX Produkte,https://www.medion.com/at/shop/nvidia-rtx-produkte,28,OK,,
2026-09-09 12:03:32,NVIDIA RTX Laptops,https://www.medion.com/at/shop/nvidia-rtx-laptops,14,OK,,
2026-09-09 12:03:32,Nvidia rtx,https://www.medion.com/at/shop/nvidia-rtx,28,OK,,
2026-09-09 12:03:32,NVIDIA PC,https://www.medion.com/at/shop/nvidia-pc,14,OK,,
2026-09-09 12:03:32,Neuheiten,https://www.medion.com/at/shop/neuheiten,17,OK,,
2026-09-09 12:03:32,Nähmaschinen,https://www.medion.com/at/shop/naehmaschinen,11,OK,,
2026-09-09 12:03:32,Nähmaschine,https://www.medion.com/at/shop/naehmaschine,11,OK,,
2026-09-09 12:03:32,Audio-Systeme,https://www.medion.com/at/shop/musikanlagen,12,OK,,
2026-09-09 12:03:32,Multimedia-PC,https://www.medion.com/at/shop/multimedia-pc,7,OK,,
2026-09-09 12:03:32,Monitor-Angebote,https://www.medion.com/at/shop/monitore/angebote,6,OK,,
2026-09-09 12:03:32,Monitore,https://www.medion.com/at/shop/monitore,4,OK,,
2026-09-09 12:03:32,Mini PCs,https://www.medion.com/at/shop/mini-pcs,6,OK,,
2026-09-09 12:03:32,Microsoft Jumpstart Gaming,https://www.medion.com/at/shop/microsoft-jumpstart-gaming,28,OK,,
2026-09-09 12:03:32,Microsoft Jumpstart,https://www.medion.com/at/shop/microsoft-jumpstart,49,OK,,
2026-09-09 12:03:32,Luftreiniger Alle,https://www.medion.com/at/shop/luftreiniger-alle,375,OK,,
2026-09-09 12:03:32,Laptop & PC Week,https://www.medion.com/at/shop/lp/laptop-pc-week,23,OK,,
2026-09-09 12:03:32,Intel Produkte,https://www.medion.com/at/shop/lp/intel-produkte,28,OK,,
2026-09-09 12:03:32,Intel PC,https://www.medion.com/at/shop/lp/intel-pc,9,OK,,
2026-09-09 12:03:32,Intel Games Bundle Produkte,https://www.medion.com/at/shop/lp/intel-games-bundle-produkte,16,OK,,
2026-09-09 12:03:32,Lieferung bis Weihnachten,https://www.medion.com/at/shop/lieferung-bis-weihnachten,375,OK,,
2026-09-09 12:03:32,Lenovo Produkte,https://www.medion.com/at/shop/lenovo-produkte,4,OK,,
2026-09-09 12:03:32,Lautsprecher,https://www.medion.com/at/shop/lautsprecher,12,OK,,
2026-09-09 12:03:32,Laptop-Zubehör,https://www.medion.com/at/shop/laptops/zubehoer,5,OK,,
2026-09-09 12:03:32,SPRCHRGD Laptops,https://www.medion.com/at/shop/laptops/sprchrgd,2,OK,,
2026-09-09 12:03:32,Multimedia-Laptops,https://www.medion.com/at/shop/laptops/multimedia,11,OK,,
2026-09-09 12:03:32,KI gestützte Laptops,https://www.medion.com/at/shop/laptops/ki,3,OK,,
2026-09-09 12:03:32,Intel Core i7,https://www.medion.com/at/shop/laptops/intel-core-i7,4,OK,,
2026-09-09 12:03:32,Intel Core i5,https://www.medion.com/at/shop/laptops/intel-core-i5,2,OK,,
2026-09-09 12:03:32,Intel Core Laptops,https://www.medion.com/at/shop/laptops/intel-core,18,OK,,
2026-09-09 12:03:32,Homeoffice Laptops,https://www.medion.com/at/shop/laptops/homeoffice,12,OK,,
2026-09-09 12:03:32,Einsteiger-Laptops,https://www.medion.com/at/shop/laptops/einsteiger,1,OK,,
2026-09-09 12:03:32,Laptops Angebote,https://www.medion.com/at/shop/laptops/angebote,7,OK,,
2026-09-09 12:03:32,AMD Ryzen,https://www.medion.com/at/shop/laptops/amd-ryzen,4,OK,,
2026-09-09 12:03:32,18'' Laptops,https://www.medion.com/at/shop/laptops/18-zoll,1,OK,,
2026-09-09 12:03:32,17'' Laptops,https://www.medion.com/at/shop/laptops/17-zoll,6,OK,,
2026-09-09 12:03:32,16'' Laptops,https://www.medion.com/at/shop/laptops/16-zoll,375,OK,,
2026-09-09 12:03:32,15'' Laptops,https://www.medion.com/at/shop/laptops/15-zoll,2,OK,,
2026-09-09 12:03:32,14'' Laptops,https://www.medion.com/at/shop/laptops/14-zoll,4,OK,,
2026-09-09 12:03:32,Alle Laptops,https://www.medion.com/at/shop/laptops,12,OK,,
2026-09-09 12:03:32,Kühlen & Gefrieren,https://www.medion.com/at/shop/kuehlen-gefrieren,20,OK,,
2026-09-09 12:03:32,Küchenkleingeräte,https://www.medion.com/at/shop/kuechenkleingeraete,65,OK,,
2026-09-09 12:03:32,Reinigungsgeräte,https://www.medion.com/at/shop/kuechengeraete-reinigung,23,OK,,
2026-09-09 12:03:32,Kochen & Zubereiten,https://www.medion.com/at/shop/kuechengeraete-kochen,63,OK,,
2026-09-09 12:03:32,Frühstück,https://www.medion.com/at/shop/kuechengeraete-fruehstueck,11,OK,,
2026-09-09 12:03:32,Wasserkocher,https://www.medion.com/at/shop/kueche/wasserkocher,4,OK,,
2026-09-09 12:03:32,Toaster,https://www.medion.com/at/shop/kueche/toaster,4,OK,,
2026-09-09 12:03:32,Mini-Kühlschrank,https://www.medion.com/at/shop/kueche/mini-kuehlschraenke,4,OK,,
2026-09-09 12:03:32,Mikrowellen,https://www.medion.com/at/shop/kueche/mikrowellen,22,OK,,
2026-09-09 12:03:32,Kühlschränke,https://www.medion.com/at/shop/kueche/kuehlschraenke,8,OK,,
2026-09-09 12:03:32,Kühl- & Gefrierschränke,https://www.medion.com/at/shop/kueche/kuehl-gefrierschraenke,4,OK,,
2026-09-09 12:03:32,Küchenmaschinen,https://www.medion.com/at/shop/kueche/kuechenmaschinen,9,OK,,
2026-09-09 12:03:32,Kaffeemaschinen,https://www.medion.com/at/shop/kueche/kaffeemaschinen,3,OK,,
2026-09-09 12:03:32,Induktionskochplatten,https://www.medion.com/at/shop/kueche/induktionskochplatten,6,OK,,
2026-09-09 12:03:32,doppelkammer,https://www.medion.com/at/shop/kueche/heissluftfritteusen/doppelkammer,4,OK,,
2026-09-09 12:03:32,Heissluftfritteusen Produkte,https://www.medion.com/at/shop/kueche/heissluftfritteusen,19,OK,,
2026-09-09 12:03:32,Grills,https://www.medion.com/at/shop/kueche/grills,1,OK,,
2026-09-09 12:03:32,Gefrierschränke,https://www.medion.com/at/shop/kueche/gefrierschraenke,6,OK,,
2026-09-09 12:03:32,Eiswürfelmaschinen,https://www.medion.com/at/shop/kueche/eiswuerfelmaschinen,2,OK,,
2026-09-09 12:03:32,Brotbackautomaten,https://www.medion.com/at/shop/kueche/brotbackautomaten,2,OK,,
2026-09-09 12:03:32,Küchen-Angebote,https://www.medion.com/at/shop/kueche/angebote,31,OK,,
2026-09-09 12:03:32,Alle Küchengeräte,https://www.medion.com/at/shop/kueche/alle,89,OK,,
2026-09-09 12:03:32,Küchen-Produkte,https://www.medion.com/at/shop/kueche,89,OK,,
2026-09-09 12:03:32,Kopfhörer,https://www.medion.com/at/shop/kopfhoerer,8,OK,,
2026-09-09 12:03:32,Fitness & Gesundheit,https://www.medion.com/at/shop/koerperpflege-gesundheit,8,OK,,
2026-09-09 12:03:32,Kochen & Backen,https://www.medion.com/at/shop/kochen-backen,57,OK,,
2026-09-09 12:03:32,Klimageräte,https://www.medion.com/at/shop/klimageraete,2,OK,,
2026-09-09 12:03:32,Wecker,https://www.medion.com/at/shop/kategorie-wecker,3,OK,,
2026-09-09 12:03:32,Inventur Sale,https://www.medion.com/de/shop/inventur-sale,67,OK,,
2026-09-09 12:03:32,Internetradios,https://www.medion.com/at/shop/internetradios,7,OK,,
2026-09-09 12:03:32,Intel® Core™ Ultra Prozessoren,https://www.medion.com/at/shop/intel-core-ultra-series-2-produkte,22,OK,,
2026-09-09 12:03:32,Intel Core PCs,https://www.medion.com/at/shop/intel-core-pcs,2,OK,,
2026-09-09 12:03:32,Intel Core Gaming Laptops,https://www.medion.com/at/shop/intel-core-gaming-laptops,2,OK,,
2026-09-09 12:03:32,Intel 13 Alle,https://www.medion.com/at/shop/intel-13-alle,6,OK,,
2026-09-09 12:03:32,Hobby & Freizeit,https://www.medion.com/at/shop/hobby-und-freizeit,12,OK,,
2026-09-09 12:03:32,High End Gaming PCs,https://www.medion.com/at/shop/high-end-gaming-pc,9,OK,,
2026-09-09 12:03:32,High End Gaming Notebooks,https://www.medion.com/at/shop/high-end-gaming-notebooks,6,OK,,
2026-09-09 12:03:32,Heizen & Kühlen,https://www.medion.com/at/shop/heizen-kuehlen,9,OK,,
2026-09-09 12:03:32,Haushalt-Zubehör,https://www.medion.com/at/shop/haushalt-zubehoer,57,OK,,
2026-09-09 12:03:32,Alexa Haushalt,https://www.medion.com/at/shop/haushalt-alexa,11,OK,,
2026-09-09 12:03:32,Alle Reinigungsgeräte,https://www.medion.com/at/shop/haushalt/reinigungsgeraete,23,OK,,
2026-09-09 12:03:32,Polsterreiniger,https://www.medion.com/at/shop/haushalt/polsterreiniger,1,OK,,
2026-09-09 12:03:32,Overlock Nähmaschinen,https://www.medion.com/at/shop/haushalt/naehmaschinen/overlock,2,OK,,
2026-09-09 12:03:32,Freiarm Nähmaschinen,https://www.medion.com/at/shop/haushalt/naehmaschinen/freiarm,4,OK,,
2026-09-09 12:03:32,Digitale Nähmaschinen,https://www.medion.com/at/shop/haushalt/naehmaschinen/digital,2,OK,,
2026-09-09 12:03:32,Luftentfeuchter,https://www.medion.com/at/shop/haushalt/luftentfeuchter,3,OK,,
2026-09-09 12:03:32,Kühlboxen,https://www.medion.com/at/shop/haushalt/kuehlboxen,4,OK,,
2026-09-09 12:03:32,Haushalt- & Freizeit-Angebote,https://www.medion.com/at/shop/haushalt/angebote,25,OK,,
2026-09-09 12:03:32,Handstaubsauger,https://www.medion.com/at/shop/handstaubsauger,5,OK,,
2026-09-09 12:03:32,Haartrockner,https://www.medion.com/at/shop/haarpflege/haartrockner,2,OK,,
2026-09-09 12:03:32,Glätteisen,https://www.medion.com/at/shop/haarpflege/glaetteisen,4,OK,,
2026-09-09 12:03:32,Glättbürsten,https://www.medion.com/at/shop/haarpflege/glaettbuersten,2,OK,,
2026-09-09 12:03:32,Haarpflege,https://www.medion.com/at/shop/haarpflege,8,OK,,
2026-09-09 12:03:32,Geschirrspüler,https://www.medion.com/at/shop/geschirrspueler,2,OK,,
2026-09-09 12:03:32,Geschenke bis 400 Euro,https://www.medion.com/at/shop/geschenke-bis-400-euro,63,OK,,
2026-09-09 12:03:32,Geschenke bis 250€,https://www.medion.com/at/shop/geschenke-bis-250-euro,156,OK,,
2026-09-09 12:03:32,Geschenke bis 100€,https://www.medion.com/at/shop/geschenke-bis-100-euro,161,OK,,
2026-09-09 12:03:32,Geschenke ab 400 Euro,https://www.medion.com/at/shop/geschenke-ab-400-euro,48,OK,,
2026-09-09 12:03:32,Garten Angebote,https://www.medion.com/at/shop/garten-angebote,17,OK,,
2026-09-09 12:03:32,Garantierte Lieferung,https://www.medion.com/at/shop/garantierte-lieferung,375,OK,,
2026-09-09 12:03:32,Gaming-Zubehör,https://www.medion.com/at/shop/gaming-zubehoer,3,OK,,
2026-09-09 12:03:32,Gaming-Monitore,https://www.medion.com/at/shop/gaming-monitore,3,OK,,
2026-09-09 12:03:32,Slush Eis Maschine,https://www.medion.com/de/shop/kueche/slush-eis-maschine,6,OK,,
2026-09-09 12:03:32,Alle Gaming Produkte,https://www.medion.com/at/shop/gaming-alle,34,OK,,
2026-09-09 12:03:32,Gaming-Laptops,https://www.medion.com/at/shop/gaming/laptop,14,OK,,
2026-09-09 12:03:32,Gaming Angebote,https://www.medion.com/at/shop/gaming/angebote,11,OK,,
2026-09-09 12:03:32,Frühjahrsputz,https://www.medion.com/at/shop/fruehjahrsputz,23,OK,,
2026-09-09 12:03:32,weitere Modelle,https://www.medion.com/at/shop/fm-radios,17,OK,,
2026-09-09 12:03:32,Festival,https://www.medion.com/at/shop/festival,27,OK,,
2026-09-09 12:03:32,Heimkinosystem,https://www.medion.com/at/shop/entertainment,4,OK,,
2026-09-09 12:03:32,Eismaschinen,https://www.medion.com/at/shop/eismaschinen,6,OK,,
2026-09-09 12:03:32,Einsteiger PC,https://www.medion.com/at/shop/einsteiger-pc,1,OK,,
2026-09-09 12:03:32,Drucker & Patronen,https://www.medion.com/at/shop/drucker,2,OK,,
2026-09-09 12:03:32,Desktop-PCs,https://www.medion.com/at/shop/desktop-pcs,1,OK,,
2026-09-09 12:03:32,DAB Radios,https://www.medion.com/at/shop/dab-radios,23,OK,,
2026-09-09 12:03:32,Core Gaming PCs,https://www.medion.com/at/shop/core-gaming-pc,5,OK,,
2026-09-09 12:03:32,Core Gaming Notebooks,https://www.medion.com/at/shop/core-gaming-notebooks,8,OK,,
2026-09-09 12:03:32,PC-Zubehör,https://www.medion.com/at/shop/computer-zubehoer,6,OK,,
2026-09-09 12:03:32,Camping,https://www.medion.com/at/shop/camping,30,OK,,
2026-09-09 12:03:32,Back to Uni Tablet,https://www.medion.com/at/shop/btu-tablets,2,OK,,
2026-09-09 12:03:32,Back to Uni Radio,https://www.medion.com/at/shop/btu-radios,34,OK,,
2026-09-09 12:03:32,Back to Uni Frühstück,https://www.medion.com/at/shop/btu-fruehstuecken,10,OK,,
2026-09-09 12:03:32,Back to Uni Freizeit,https://www.medion.com/at/shop/btu-freizeit,43,OK,,
2026-09-09 12:03:32,Bodenreiniger,https://www.medion.com/at/shop/bodenreiniger,2,OK,,
2026-09-09 12:03:32,Bluetooth Lautsprecher,https://www.medion.com/at/shop/bluetooth-lautsprecher,12,OK,,
2026-09-09 12:03:32,Back to School,https://www.medion.com/at/shop/back-to-school,23,OK,,
2026-09-09 12:03:32,Alle Audio Produkte,https://www.medion.com/at/shop/audio-alle,65,OK,,
2026-09-09 12:03:32,Bluetooth-Kopfhörer,https://www.medion.com/at/shop/audio/bluetooth-kopfhoerer,375,OK,,
2026-09-09 12:03:32,Audio Angebote,https://www.medion.com/at/shop/audio/angebote,22,OK,,
2026-09-09 12:03:32,Angebote bei MEDION,https://www.medion.com/at/shop/angebote,112,OK,,
2026-09-09 12:03:32,All-in-One-PCs,https://www.medion.com/at/shop/all-in-one-pc,2,OK,,
2026-09-09 12:03:32,Alle PCs,https://www.medion.com/at/shop/alle-pcs,9,OK,,
2026-09-09 12:03:32,Alexa,https://www.medion.com/at/shop/alexa,11,OK,,
2026-09-09 12:03:32,Akoya PCs,https://www.medion.com/at/shop/akoya-pcs,1,OK,,
2026-09-09 12:03:32,Akku-Stielstaubsauger,https://www.medion.com/at/shop/akku-stielstaubsauger,8,OK,,
2026-09-09 12:03:32,Blue Days,https://www.medion.com/at/shop/blue-days,,NOT_FOUND,,
2026-09-09 12:03:32,Weekend-Sale,https://www.medion.com/at/shop/weekend-sale,,NOT_FOUND,,
2026-09-09 12:03:32,Blue Days,https://www.medion.com/de/shop/blue-days,,NOT_FOUND,,
2026-09-09 12:03:32,Gaming Days,https://www.medion.com/de/shop/gaming-days,,NOT_FOUND,,
2026-09-09 12:03:32,Weekend Sale,https://www.medion.com/de/shop/weekend-sale,,NOT_FOUND,,
2026-09-09 14:22:01,Zyklon Staubsauger,https://www.medion.com/de/shop/zyklon-staubsauger,5,OK,,
2026-09-09 14:22:01,Work from Home PCs,https://www.medion.com/de/shop/work-from-home-pcs,9,OK,,
2026-09-09 14:22:01,work-from-home-alle,https://www.medion.com/de/shop/work-from-home-alle,19,OK,,
2026-09-09 14:22:01,Saugroboter Alexa,https://www.medion.com/de/shop/alexa-saugroboter,8,OK,,
2026-09-09 14:22:01,Saugroboter Alexa,https://www.medion.com/at/shop/alexa-saugroboter,8,OK,,
2026-09-09 14:22:01,Windows Update,https://www.medion.com/de/shop/windows-update,51,OK,,
2026-09-09 14:22:01,Versandkostenfrei,https://www.medion.com/de/shop/versandkostenfrei,303,OK,,
2026-09-09 14:22:01,Ventilatoren & Klimageräte,https://www.medion.com/de/shop/ventilatoren-klimageraete,5,OK,,
2026-09-09 14:22:01,Ventilatoren,https://www.medion.com/de/shop/ventilatoren,4,OK,,
2026-09-09 14:22:01,Vidaa TVs,https://www.medion.com/de/shop/tv/vidaa,23,OK,,
2026-09-09 14:22:01,TiVo TVs,https://www.medion.com/de/shop/tv/tivo,4,OK,,
2026-09-09 14:22:01,TV-Soundbars,https://www.medion.com/de/shop/tv/soundbars,4,OK,,
2026-09-09 14:22:01,Smart TV,https://www.medion.com/de/shop/tv/smart-tv,32,OK,,
2026-09-09 14:22:01,QLED TVs,https://www.medion.com/de/shop/tv/qled,13,OK,,
2026-09-09 14:22:01,Premium-TVs,https://www.medion.com/de/shop/tv/premium,13,OK,,
2026-09-09 14:22:01,OLED TVs,https://www.medion.com/de/shop/tv/oled,2,OK,,
2026-09-09 14:22:01,TVs mit Soundbar,https://www.medion.com/de/shop/tv/mit-soundbar,62,OK,,
2026-09-09 14:22:01,Mini LED Tvs,https://www.medion.com/de/shop/tv/mini-led,2,OK,,
2026-09-09 14:22:01,Mobilen TVs,https://www.medion.com/de/shop/tv/mini,1,OK,,
2026-09-09 14:22:01,TV Kaufberater Micro Dimming,https://www.medion.com/de/shop/tv/micro-dimming,11,OK,,
2026-09-09 14:22:01,TV HDR,https://www.medion.com/de/shop/tv/hdr,48,OK,,
2026-09-09 14:22:01,HD TVs,https://www.medion.com/de/shop/tv/hd,5,OK,,
2026-09-09 14:22:01,Fire TVs,https://www.medion.com/de/shop/tv/fire-tv,414,OK,,
2026-09-09 14:22:01,FHD TVs,https://www.medion.com/de/shop/tv/fhd,17,OK,,
2026-09-09 14:22:01,Einsteiger,https://www.medion.com/de/shop/tv/einsteiger,6,OK,,
2026-09-09 14:22:01,TV Dolby Vision,https://www.medion.com/de/shop/tv/dolby-vision,31,OK,,
2026-09-09 14:22:01,bis ca. 80 cm (32''),https://www.medion.com/de/shop/tv/bis-32-zoll,10,OK,,
2026-09-09 14:22:01,Angebote TV,https://www.medion.com/de/shop/tv/angebote,25,OK,,
2026-09-09 14:22:01,Android TVs,https://www.medion.com/de/shop/tv/android-tv,8,OK,,
2026-09-09 14:22:01,ab ca. 139 cm (55“ ),https://www.medion.com/de/shop/tv/ab-55-zoll,22,OK,,
2026-09-09 14:22:01,4K UHD TVs,https://www.medion.com/de/shop/tv/4k-uhd,36,OK,,
2026-09-09 14:22:01,ca. 98 cm - 126 cm (39“ bis 50“),https://www.medion.com/de/shop/tv/39-bis-50-zoll,26,OK,,
2026-09-09 14:22:01,Alle TVs,https://www.medion.com/de/shop/tv,58,OK,,
2026-09-09 14:22:01,Turmventilatoren,https://www.medion.com/de/shop/turmventilatoren,414,OK,,
2026-09-09 14:22:01,Topseller,https://www.medion.com/de/shop/topseller,19,OK,,
2026-09-09 14:22:01,Alle Tablets,https://www.medion.com/de/shop/tablets-alle,2,OK,,
2026-09-09 14:22:01,Staubsauger,https://www.medion.com/de/shop/staubsauger-alle,10,OK,,
2026-09-09 14:22:01,Sportliche Angebote,https://www.medion.com/de/shop/sportliche-angebote,25,OK,,
2026-09-09 14:22:01,Sommer Angebote,https://www.medion.com/de/shop/sommer-angebote,52,OK,,
2026-09-09 14:22:01,Smarte Produkte alle,https://www.medion.com/de/shop/smarte-produkte-alle,3,OK,,
2026-09-09 14:22:01,Poolroboter,https://www.medion.com/de/shop/haushalt/poolroboter,1,OK,,
2026-09-09 14:22:01,Alle Laptops,https://www.medion.com/de/shop/searchpages/alle-laptops,27,OK,,
2026-09-09 14:22:01,Poolroboter,https://www.medion.com/at/shop/haushalt/poolroboter,1,OK,,
2026-09-09 14:22:01,Saugroboter S-Serie,https://www.medion.com/at/shop/saugroboter-s-serie,7,OK,,
2026-09-09 14:22:01,Rückgaberecht,https://www.medion.com/de/shop/rueckgaberecht,414,OK,,
2026-09-09 14:22:01,PC-Zubehör,https://www.medion.com/de/shop/pc/zubehoer,6,OK,,
2026-09-09 14:22:01,Mäuse und Tastaturen,https://www.medion.com/de/shop/pc/tastatur-maus,2,OK,,
2026-09-09 14:22:01,Monitore,https://www.medion.com/de/shop/pc/monitor,4,OK,,
2026-09-09 14:22:01,Mini PCs,https://www.medion.com/de/shop/pc/mini,6,OK,,
2026-09-09 14:22:01,Drucker,https://www.medion.com/de/shop/pc/drucker,2,OK,,
2026-09-09 14:22:01,Desktop-PCs,https://www.medion.com/de/shop/pc/desktop,1,OK,,
2026-09-09 14:22:01,Angebote PC & Monitore,https://www.medion.com/de/shop/pc/angebote,6,OK,,
2026-09-09 14:22:01,All-in-One-PCs,https://www.medion.com/de/shop/pc/all-in-one,2,OK,,
2026-09-09 14:22:01,Alle PCs,https://www.medion.com/de/shop/pc/alle,9,OK,,
2026-09-09 14:22:01,Paypal null Prozent Finanzierung,https://www.medion.com/de/shop/paypal-null-prozent-finanzierung,205,OK,,
2026-09-09 14:22:01,Party,https://www.medion.com/de/shop/party,12,OK,,
2026-09-09 14:22:01,Nvidia 50er Serie Produkte,https://www.medion.com/de/shop/nvidia-rtx-serie-50,21,OK,,
2026-09-09 14:22:01,NVIDIA RTX Produkte,https://www.medion.com/de/shop/nvidia-rtx-produkte,31,OK,,
2026-09-09 14:22:01,NVIDIA RTX Laptops,https://www.medion.com/de/shop/nvidia-rtx-laptops,15,OK,,
2026-09-09 14:22:01,Nvidia rtx,https://www.medion.com/de/shop/nvidia-rtx,31,OK,,
2026-09-09 14:22:01,NVIDIA PC,https://www.medion.com/de/shop/nvidia-pc,16,OK,,
2026-09-09 14:22:01,Neuheiten,https://www.medion.com/de/shop/neuheiten,18,OK,,
2026-09-09 14:22:01,Multimedia-PC,https://www.medion.com/de/shop/multimedia-pc,7,OK,,
2026-09-09 14:22:01,Monitor-Angebote,https://www.medion.com/de/shop/monitore/angebote,6,OK,,
2026-09-09 14:22:01,Microsoft Jumpstart Gaming,https://www.medion.com/de/shop/microsoft-jumpstart-gaming,31,OK,,
2026-09-09 14:22:01,Microsoft Jumpstart,https://www.medion.com/de/shop/microsoft-jumpstart,52,OK,,
2026-09-09 14:22:01,Luftreiniger Alle,https://www.medion.com/de/shop/luftreiniger-alle,414,OK,,
2026-09-09 14:22:01,TV-Aktion,https://www.medion.com/de/shop/lp/tv-aktion,15,OK,,
2026-09-09 14:22:01,Laptop & PC Week,https://www.medion.com/de/shop/lp/laptop-pc-week,23,OK,,
2026-09-09 14:22:01,Intel Produkte,https://www.medion.com/de/shop/lp/intel-produkte,31,OK,,
2026-09-09 14:22:01,Intel PC,https://www.medion.com/de/shop/lp/intel-pc,11,OK,,
2026-09-09 14:22:01,Intel Games Bundle Produkte,https://www.medion.com/de/shop/lp/intel-games-bundle-produkte,19,OK,,
2026-09-09 14:22:01,Defender 17 P10,https://www.medion.com/de/shop/lp/erazer/defender-17-p10,3,OK,,
2026-09-09 14:22:01,Beast 16 X10,https://www.medion.com/de/shop/lp/erazer/beast-16-x10,4,OK,,
2026-09-09 14:22:01,Lieferung bis Weihnachten,https://www.medion.com/de/shop/lieferung-bis-weihnachten,414,OK,,
2026-09-09 14:22:01,Lenovo Produkte,https://www.medion.com/de/shop/lenovo-produkte,4,OK,,
2026-09-09 14:22:01,Laptop-Zubehör,https://www.medion.com/de/shop/laptops/zubehoer,5,OK,,
2026-09-09 14:22:01,Sprchrgd Laptops,https://www.medion.com/de/shop/laptops/sprchrgd,2,OK,,
2026-09-09 14:22:01,Multimedia-Laptops,https://www.medion.com/de/shop/laptops/multimedia,11,OK,,
2026-09-09 14:22:01,KI gestützte Laptops,https://www.medion.com/de/shop/laptops/ki,3,OK,,
2026-09-09 14:22:01,Intel Core i7,https://www.medion.com/de/shop/laptops/intel-core-i7,4,OK,,
2026-09-09 14:22:01,Intel Core i5,https://www.medion.com/de/shop/laptops/intel-core-i5,2,OK,,
2026-09-09 14:22:01,Intel Core Laptops,https://www.medion.com/de/shop/laptops/intel-core,19,OK,,
2026-09-09 14:22:01,Homeoffice Laptops,https://www.medion.com/de/shop/laptops/homeoffice,12,OK,,
2026-09-09 14:22:01,Einsteiger-Laptops,https://www.medion.com/de/shop/laptops/einsteiger,1,OK,,
2026-09-09 14:22:01,Laptops Angebote,https://www.medion.com/de/shop/laptops/angebote,9,OK,,
2026-09-09 14:22:01,AMD Ryzen,https://www.medion.com/de/shop/laptops/amd-ryzen,4,OK,,
2026-09-09 14:22:01,18'' Laptops,https://www.medion.com/de/shop/laptops/18-zoll,1,OK,,
2026-09-09 14:22:01,17'' Laptops,https://www.medion.com/de/shop/laptops/17-zoll,6,OK,,
2026-09-09 14:22:01,16'' Laptops,https://www.medion.com/de/shop/laptops/16-zoll,414,OK,,
2026-09-09 14:22:01,15'' Laptops,https://www.medion.com/de/shop/laptops/15-zoll,2,OK,,
2026-09-09 14:22:01,14'' Laptops,https://www.medion.com/de/shop/laptops/14-zoll,4,OK,,
2026-09-09 14:22:01,Alle Laptops,https://www.medion.com/de/shop/laptops,12,OK,,
2026-09-09 14:22:01,Reinigungsgeräte,https://www.medion.com/de/shop/kuechengeraete-reinigung,30,OK,,
2026-09-09 14:22:01,Frühstück,https://www.medion.com/de/shop/kuechengeraete-fruehstueck,11,OK,,
2026-09-09 14:22:01,Wasserkocher,https://www.medion.com/de/shop/kueche/wasserkocher,4,OK,,
2026-09-09 14:22:01,Toaster,https://www.medion.com/de/shop/kueche/toaster,4,OK,,
2026-09-09 14:22:01,Gaming Days,https://www.medion.com/at/shop/gaming-days,,NOT_FOUND,,
2026-09-09 14:22:01,Mini Kühlschrank,https://www.medion.com/de/shop/kueche/mini-kuehlschraenke,4,OK,,
2026-09-09 14:22:01,Mikrowellen,https://www.medion.com/de/shop/kueche/mikrowellen,22,OK,,
2026-09-09 14:22:01,Kühlschränke,https://www.medion.com/de/shop/kueche/kuehlschraenke,10,OK,,
2026-09-09 14:22:01,Kühl- & Gefrierschränke,https://www.medion.com/de/shop/kueche/kuehl-gefrierschraenke,8,OK,,
2026-09-09 14:22:01,Kühlen & Gefrieren,https://www.medion.com/de/shop/kueche/kuehlen-gefrieren,26,OK,,
2026-09-09 14:22:01,Kühlboxen,https://www.medion.com/de/shop/kueche/kuehlboxen,4,OK,,
2026-09-09 14:22:01,Küchenmaschinen,https://www.medion.com/de/shop/kueche/kuechenmaschinen,9,OK,,
2026-09-09 14:22:01,Küchenkleingeräte,https://www.medion.com/de/shop/kueche/kuechenkleingeraete,65,OK,,
2026-09-09 14:22:01,Kochen & Zubereiten,https://www.medion.com/de/shop/kueche/kuechengeraete-kochen,63,OK,,
2026-09-09 14:22:01,Kaffeemaschinen,https://www.medion.com/de/shop/kueche/kaffeemaschinen,3,OK,,
2026-09-09 14:22:01,Induktionskochplatten,https://www.medion.com/de/shop/kueche/induktionskochplatten,6,OK,,
2026-09-09 14:22:01,Heißluftfritteuse mit zwei Kammern,https://www.medion.com/de/shop/kueche/heissluftfritteusen/doppelkammer,4,OK,,
2026-09-09 14:22:01,Alle Heissluftfritteusen,https://www.medion.com/de/shop/kueche/heissluftfritteusen,19,OK,,
2026-09-09 14:22:01,Grills,https://www.medion.com/de/shop/kueche/grills,1,OK,,
2026-09-09 14:22:01,Geschirrspüler,https://www.medion.com/de/shop/kueche/geschirrspueler,9,OK,,
2026-09-09 14:22:01,Gefrierschränke,https://www.medion.com/de/shop/kueche/gefrierschraenke,8,OK,,
2026-09-09 14:22:01,Eiswürfelmaschinen,https://www.medion.com/de/shop/kueche/eiswuerfelmaschinen,2,OK,,
2026-09-09 14:22:01,Eismaschinen,https://www.medion.com/de/shop/kueche/eismaschine,6,OK,,
2026-09-09 14:22:01,Brotbackautomaten,https://www.medion.com/de/shop/kueche/brotbackautomaten,2,OK,,
2026-09-09 14:22:01,Küchen-Angebote,https://www.medion.com/de/shop/kueche/angebote,35,OK,,
2026-09-09 14:22:01,Alle Küchengeräte,https://www.medion.com/de/shop/kueche/alle,65,OK,,
2026-09-09 14:22:01,Fitness & Gesundheit,https://www.medion.com/de/shop/koerperpflege-gesundheit,8,OK,,
2026-09-09 14:22:01,Kochen & Backen,https://www.medion.com/de/shop/kochen-backen,57,OK,,
2026-09-09 14:22:01,Klimageräte,https://www.medion.com/de/shop/klimageraete,2,OK,,
2026-09-09 14:22:01,Kabelloses Glätteisen HS2,https://www.medion.com/de/shop/kabelloses-glaetteisen-hs2,2,OK,,
2026-09-09 14:22:01,Inventur Sale,https://www.medion.com/at/shop/inventur-sale,65,OK,,
2026-09-09 14:22:01,Internetradios,https://www.medion.com/de/shop/internetradios,7,OK,,
2026-09-09 14:22:01,Intel® Core™ Ultra Prozessoren,https://www.medion.com/de/shop/intel-core-ultra-series-2-produkte,25,OK,,
2026-09-09 14:22:01,Intel Core PCs,https://www.medion.com/de/shop/intel-core-pcs,2,OK,,
2026-09-09 14:22:01,Intel Core Gaming Laptops,https://www.medion.com/de/shop/intel-core-gaming-laptops,2,OK,,
2026-09-09 14:22:01,Intel 13 Alle,https://www.medion.com/de/shop/intel-13-alle,6,OK,,
2026-09-09 14:22:01,Hobby & Freizeit,https://www.medion.com/de/shop/hobby-und-freizeit,12,OK,,
2026-09-09 14:22:01,High End Gaming PCs,https://www.medion.com/de/shop/high-end-gaming-pc,9,OK,,
2026-09-09 14:22:01,High End Gaming Notebooks,https://www.medion.com/de/shop/high-end-gaming-notebooks,7,OK,,
2026-09-09 14:22:01,Heizen & Kühlen,https://www.medion.com/de/shop/heizen-kuehlen,9,OK,,
2026-09-09 14:22:01,Haushalt-Zubehör,https://www.medion.com/de/shop/haushalt-zubehoer,58,OK,,
2026-09-09 14:22:01,Alexa Haushalt,https://www.medion.com/de/shop/haushalt-alexa,11,OK,,
2026-09-09 14:22:01,zubehoer-p400-p350,https://www.medion.com/de/shop/haushalt/stielstaubsauger/zubehoer-p400-p350,4,OK,,
2026-09-09 14:22:01,Alle Reinigungsgeräte,https://www.medion.com/de/shop/haushalt/reinigungsgeraete,30,OK,,
2026-09-09 14:22:01,Polsterreiniger,https://www.medion.com/de/shop/haushalt/polsterreiniger,1,OK,,
2026-09-09 14:22:01,Overlock Nähmaschinen,https://www.medion.com/de/shop/haushalt/naehmaschinen/overlock,2,OK,,
2026-09-09 14:22:01,Freiarm Nähmaschinen,https://www.medion.com/de/shop/haushalt/naehmaschinen/freiarm,4,OK,,
2026-09-09 14:22:01,Digitale Nähmaschinen,https://www.medion.com/de/shop/haushalt/naehmaschinen/digital,2,OK,,
2026-09-09 14:22:01,Nähmaschinen,https://www.medion.com/de/shop/haushalt/naehmaschinen,11,OK,,
2026-09-09 14:22:01,luftentfeuchter,https://www.medion.com/de/shop/haushalt/heizen-kuehlen/luftentfeuchter,3,OK,,
2026-09-09 14:22:01,Alle Haushalt- und Freizeit-Produkte,https://www.medion.com/de/shop/haushalt/alle,60,OK,,
2026-09-09 14:22:01,Haushalt- & Freizeit-Angebote,https://www.medion.com/de/shop/haushalt/angebote,27,OK,,
2026-09-09 14:22:01,Alle Haushalt- und Freizeit-Produkte,https://www.medion.com/at/shop/haushalt-freizeit-alle,53,OK,,
2026-09-09 14:22:01,Handstaubsauger,https://www.medion.com/de/shop/handstaubsauger,5,OK,,
2026-09-09 14:22:01,Haartrockner LIFE HD2,https://www.medion.com/de/shop/haartrockner-life-hd2,2,OK,,
2026-09-09 14:22:01,Haartrockner,https://www.medion.com/de/shop/haarpflege/haartrockner,2,OK,,
2026-09-09 14:22:01,Glätteisen,https://www.medion.com/de/shop/haarpflege/glaetteisen,4,OK,,
2026-09-09 14:22:01,Glättbürsten,https://www.medion.com/de/shop/haarpflege/glaettbuersten,2,OK,,
2026-09-09 14:22:01,Haarpflege,https://www.medion.com/de/shop/haarpflege,8,OK,,
2026-09-09 14:22:01,Glätteisen LIFE HS1,https://www.medion.com/de/shop/glaetteisen-life-hs1,2,OK,,
2026-09-09 14:22:01,Geschenke bis 400 Euro,https://www.medion.com/de/shop/geschenke-bis-400-euro,87,OK,,
2026-09-09 14:22:01,Geschenke bis 250€,https://www.medion.com/de/shop/geschenke-bis-250-euro,168,OK,,
2026-09-09 14:22:01,Geschenke bis 100€,https://www.medion.com/de/shop/geschenke-bis-100-euro,161,OK,,
2026-09-09 14:22:01,Geschenke ab 400 Euro,https://www.medion.com/de/shop/geschenke-ab-400-euro,63,OK,,
2026-09-09 14:22:01,Garten Angebote,https://www.medion.com/de/shop/garten-angebote,17,OK,,
2026-09-09 14:22:01,Slush Eis Maschine,https://www.medion.com/at/shop/kueche/slush-eis-maschine,6,OK,,
2026-09-09 14:22:01,Gaming-Zubehör,https://www.medion.com/de/shop/gaming/zubehoer,3,OK,,
2026-09-09 14:22:01,Gaming-PCs,https://www.medion.com/de/shop/gaming/pc,16,OK,,
2026-09-09 14:22:01,Gaming-Monitore,https://www.medion.com/de/shop/gaming/monitor,3,OK,,
2026-09-09 14:22:01,Gaming-Laptops,https://www.medion.com/de/shop/gaming/laptop,15,OK,,
2026-09-09 14:22:01,Angebote Gaming,https://www.medion.com/de/shop/gaming/angebote,14,OK,,
2026-09-09 14:22:01,Alle Gaming Produkte,https://www.medion.com/de/shop/gaming/alle,37,OK,,
2026-09-09 14:22:01,Frühjahrsputz,https://www.medion.com/de/shop/fruehjahrsputz,30,OK,,
2026-09-09 14:22:01,weitere Modelle,https://www.medion.com/de/shop/fm-radios,17,OK,,
2026-09-09 14:22:01,Festival,https://www.medion.com/de/shop/festival,27,OK,,
2026-09-09 14:22:01,Heimkinosystem,https://www.medion.com/de/shop/entertainment,4,OK,,
2026-09-09 14:22:01,Einsteiger PC,https://www.medion.com/de/shop/einsteiger-pc,1,OK,,
2026-09-09 14:22:01,DAB Radios,https://www.medion.com/de/shop/dab-radios,10,OK,,
2026-09-09 14:22:01,Core Gaming PCs,https://www.medion.com/de/shop/core-gaming-pc,7,OK,,
2026-09-09 14:22:01,Core Gaming Notebooks,https://www.medion.com/de/shop/core-gaming-notebooks,8,OK,,
2026-09-09 14:22:01,Camping,https://www.medion.com/de/shop/camping,35,OK,,
2026-09-09 14:22:01,Back to Uni Tablet,https://www.medion.com/de/shop/btu-tablets,2,OK,,
2026-09-09 14:22:01,Back to Uni Radio,https://www.medion.com/de/shop/btu-radios,34,OK,,
2026-09-09 14:22:01,Back to Uni Frühstück,https://www.medion.com/de/shop/btu-fruehstuecken,10,OK,,
2026-09-09 14:22:01,Back to Uni Freizeit,https://www.medion.com/de/shop/btu-freizeit,43,OK,,
2026-09-09 14:22:01,Bodenreiniger,https://www.medion.com/de/shop/bodenreiniger,2,OK,,
2026-09-09 14:22:01,Bluetooth Lautsprecher,https://www.medion.com/de/shop/bluetooth-lautsprecher,12,OK,,
2026-09-09 14:22:01,Back to School,https://www.medion.com/de/shop/back-to-school,23,OK,,
2026-09-09 14:22:01,Wecker,https://www.medion.com/de/shop/audio/wecker,3,OK,,
2026-09-09 14:22:01,Radios,https://www.medion.com/de/shop/audio/radio,34,OK,,
2026-09-09 14:22:01,Partylautsprecher,https://www.medion.com/de/shop/audio/partylautsprecher,12,OK,,
2026-09-09 14:22:01,Audio-Systeme,https://www.medion.com/de/shop/audio/musikanlagen,12,OK,,
2026-09-09 14:22:01,Lautsprecher,https://www.medion.com/de/shop/audio/lautsprecher,12,OK,,
2026-09-09 14:22:01,Küchen-unterbauradio,https://www.medion.com/de/shop/audio/kuechenunterbauradios,3,OK,,
2026-09-09 14:22:01,Kopfhörer,https://www.medion.com/de/shop/audio/kopfhoerer,8,OK,,
2026-09-09 14:22:01,Boomboxen,https://www.medion.com/de/shop/audio/boomboxen,12,OK,,
2026-09-09 14:22:01,Bluetooth Kopfhörer,https://www.medion.com/de/shop/audio/bluetooth-kopfhoerer,6,OK,,
2026-09-09 14:22:01,Baustellenradio,https://www.medion.com/de/shop/audio/baustellenradio,4,OK,,
2026-09-09 14:22:01,Angebote Audio,https://www.medion.com/de/shop/audio/angebote,22,OK,,
2026-09-09 14:22:01,Alle Audio Produkte,https://www.medion.com/de/shop/audio/alle,65,OK,,
2026-09-09 14:22:01,Angebote bei MEDION,https://www.medion.com/de/shop/angebote,126,OK,,
2026-09-09 14:22:01,Alexa,https://www.medion.com/de/shop/alexa,11,OK,,
2026-09-09 14:22:01,Akoya PCs,https://www.medion.com/de/shop/akoya-pcs,1,OK,,
2026-09-09 14:22:01,Akku-Stielstaubsauger,https://www.medion.com/de/shop/akku-stielstaubsauger,8,OK,,
2026-09-09 14:22:01,Zyklon Staubsauger,https://www.medion.com/at/shop/zyklon-staubsauger,5,OK,,
2026-09-09 14:22:01,Work from Home PCs,https://www.medion.com/at/shop/work-from-home-pcs,9,OK,,
2026-09-09 14:22:01,work-from-home-alle,https://www.medion.com/at/shop/work-from-home-alle,19,OK,,
2026-09-09 14:22:01,Saugroboter,https://www.medion.com/de/shop/saugroboter/saugroboter-wischroboter,9,OK,,
2026-09-09 14:22:01,Saugroboter,https://www.medion.com/at/shop/saugroboter-wischroboter,9,OK,,
2026-09-09 14:22:01,Windows Update,https://www.medion.com/at/shop/windows-update,50,OK,,
2026-09-09 14:22:01,Versandkostenfrei,https://www.medion.com/at/shop/versandkostenfrei,268,OK,,
2026-09-09 14:22:01,Ventilatoren & Klimageräte,https://www.medion.com/at/shop/ventilatoren-klimageraete,5,OK,,
2026-09-09 14:22:01,Ventilatoren,https://www.medion.com/at/shop/ventilatoren,4,OK,,
2026-09-09 14:22:01,TV Kaufberater Auflösungen,https://www.medion.com/at/shop/tv-hd-fhd-uhd,377,OK,,
2026-09-09 14:22:01,TV Kaufberater Hintergrundbeleuchtung,https://www.medion.com/at/shop/tv-edge-led-direct-led,377,OK,,
2026-09-09 14:22:01,Vidaa TVs,https://www.medion.com/at/shop/tv/vidaa,14,OK,,
2026-09-09 14:22:01,TV-Soundbars,https://www.medion.com/at/shop/tv/soundbars,4,OK,,
2026-09-09 14:22:01,Smart TV,https://www.medion.com/at/shop/tv/smart-tv,16,OK,,
2026-09-09 14:22:01,QLED TVs,https://www.medion.com/at/shop/tv/qled,6,OK,,
2026-09-09 14:22:01,Premium-TVs,https://www.medion.com/at/shop/tv/premium,4,OK,,
2026-09-09 14:22:01,OLED TVs,https://www.medion.com/at/shop/tv/oled,377,OK,,
2026-09-09 14:22:01,TVs mit Soundbar,https://www.medion.com/at/shop/tv/mit-soundbar,40,OK,,
2026-09-09 14:22:01,Mobilen TVs,https://www.medion.com/at/shop/tv/mini,1,OK,,
2026-09-09 14:22:01,TV Kaufberater Micro Dimming,https://www.medion.com/at/shop/tv/micro-dimming,6,OK,,
2026-09-09 14:22:01,TV HDR,https://www.medion.com/at/shop/tv/hdr,26,OK,,
2026-09-09 14:22:01,HD TVs,https://www.medion.com/at/shop/tv/hd,5,OK,,
2026-09-09 14:22:01,Fire TVs,https://www.medion.com/at/shop/tv/fire-tv,377,OK,,
2026-09-09 14:22:01,FHD TVs,https://www.medion.com/at/shop/tv/fhd,17,OK,,
2026-09-09 14:22:01,Einsteiger,https://www.medion.com/at/shop/tv/einsteiger,6,OK,,
2026-09-09 14:22:01,TV Dolby Vision,https://www.medion.com/at/shop/tv/dolby-vision,12,OK,,
2026-09-09 14:22:01,bis ca. 80 cm (32''),https://www.medion.com/at/shop/tv/bis-32-zoll,10,OK,,
2026-09-09 14:22:01,TV Angebote,https://www.medion.com/at/shop/tv/angebote,19,OK,,
2026-09-09 14:22:01,Android TVs,https://www.medion.com/at/shop/tv/android-tv,8,OK,,
2026-09-09 14:22:01,4K UHD TVs,https://www.medion.com/at/shop/tv/4k-uhd,14,OK,,
2026-09-09 14:22:01,ca. 98 cm - 126 cm (39“ bis 50“),https://www.medion.com/at/shop/tv/39-bis-50-zoll,26,OK,,
2026-09-09 14:22:01,Alle TVs,https://www.medion.com/at/shop/tv,36,OK,,
2026-09-09 14:22:01,Turmventilatoren,https://www.medion.com/at/shop/turmventilatoren,377,OK,,
2026-09-09 14:22:01,Topseller,https://www.medion.com/at/shop/topseller,19,OK,,
2026-09-09 14:22:01,Mäuse und Tastaturen,https://www.medion.com/at/shop/tastaturen-und-maeuse,2,OK,,
2026-09-09 14:22:01,Alle Tablets,https://www.medion.com/at/shop/tablets-alle,2,OK,,
2026-09-09 14:22:01,Staubsauger,https://www.medion.com/at/shop/staubsauger-alle,10,OK,,
2026-09-09 14:22:01,Sportliche Angebote,https://www.medion.com/at/shop/sportliche-angebote,19,OK,,
2026-09-09 14:22:01,Sommer Angebote,https://www.medion.com/at/shop/sommer-angebote,46,OK,,
2026-09-09 14:22:01,Saugroboter X-Serie,https://www.medion.com/de/shop/saugroboter/saugroboter-x-serie,9,OK,,
2026-09-09 14:22:01,Smarte Produkte alle,https://www.medion.com/at/shop/smarte-produkte-alle,3,OK,,
2026-09-09 14:22:01,Saugroboter X-Serie,https://www.medion.com/at/shop/saugroboter-x-serie,9,OK,,
2026-09-09 14:22:01,zubehoer-x50,https://www.medion.com/de/shop/saugroboter/zubehoer-x50,4,OK,,
2026-09-09 14:22:01,zubehoer-x41-x42,https://www.medion.com/de/shop/saugroboter/zubehoer-x41-x42,6,OK,,
2026-09-09 14:22:01,zubehoer-x40,https://www.medion.com/de/shop/saugroboter/zubehoer-x40,4,OK,,
2026-09-09 14:22:01,zubehoer-x20,https://www.medion.com/de/shop/saugroboter/zubehoer-x20,5,OK,,
2026-09-09 14:22:01,zubehoer-x10,https://www.medion.com/de/shop/saugroboter/zubehoer-x10,3,OK,,
2026-09-09 14:22:01,zubehoer-s40,https://www.medion.com/de/shop/saugroboter/zubehoer-s40,2,OK,,
2026-09-09 14:22:01,zubehoer-s35,https://www.medion.com/de/shop/saugroboter/zubehoer-s35,414,OK,,
2026-09-09 14:22:01,zubehoer-s30,https://www.medion.com/de/shop/saugroboter/zubehoer-s30,414,OK,,
2026-09-09 14:22:01,zubehoer-s20,https://www.medion.com/de/shop/saugroboter/zubehoer-s20,3,OK,,
2026-09-09 14:22:01,zubehoer-s05,https://www.medion.com/de/shop/saugroboter/zubehoer-s05,414,OK,,
2026-09-09 14:22:01,Saugroboter-Zubehör,https://www.medion.com/de/shop/saugroboter-zubehoer,48,OK,,
2026-09-09 14:22:01,Saugroboter-Zubehör,https://www.medion.com/at/shop/saugroboter-zubehoer,47,OK,,
2026-09-09 14:22:01,Saugroboter mit Wischfunktion,https://www.medion.com/de/shop/saug-wischroboter,9,OK,,
2026-09-09 14:22:01,Saugroboter mit Wischfunktion,https://www.medion.com/at/shop/saug-wischroboter,9,OK,,
2026-09-09 14:22:01,Rückgaberecht,https://www.medion.com/at/shop/rueckgaberecht,377,OK,,
2026-09-09 14:22:01,Radios,https://www.medion.com/at/shop/radios,34,OK,,
2026-09-09 14:22:01,QLED OLED TVs,https://www.medion.com/at/shop/qled-oled-tvs,6,OK,,
2026-09-09 14:22:01,Performance-Fernseher,https://www.medion.com/at/shop/performance-fernseher,26,OK,,
2026-09-09 14:22:01,Gaming-PCs,https://www.medion.com/at/shop/pc-gamer,16,OK,,
2026-09-09 14:22:01,PC-Angebote,https://www.medion.com/at/shop/pc/angebote,6,OK,,
2026-09-09 14:22:01,Partylautsprecher,https://www.medion.com/at/shop/partylautsprecher,12,OK,,
2026-09-09 14:22:01,Party,https://www.medion.com/at/shop/party,12,OK,,
2026-09-09 14:22:01,Nvidia 50er Serie Produkte,https://www.medion.com/at/shop/nvidia-rtx-serie-50,20,OK,,
2026-09-09 14:22:01,NVIDIA RTX Produkte,https://www.medion.com/at/shop/nvidia-rtx-produkte,30,OK,,
2026-09-09 14:22:01,NVIDIA RTX Laptops,https://www.medion.com/at/shop/nvidia-rtx-laptops,14,OK,,
2026-09-09 14:22:01,Nvidia rtx,https://www.medion.com/at/shop/nvidia-rtx,30,OK,,
2026-09-09 14:22:01,NVIDIA PC,https://www.medion.com/at/shop/nvidia-pc,16,OK,,
2026-09-09 14:22:01,Neuheiten,https://www.medion.com/at/shop/neuheiten,17,OK,,
2026-09-09 14:22:01,Nähmaschinen,https://www.medion.com/at/shop/naehmaschinen,11,OK,,
2026-09-09 14:22:01,Nähmaschine,https://www.medion.com/at/shop/naehmaschine,11,OK,,
2026-09-09 14:22:01,Audio-Systeme,https://www.medion.com/at/shop/musikanlagen,12,OK,,
2026-09-09 14:22:01,Multimedia-PC,https://www.medion.com/at/shop/multimedia-pc,7,OK,,
2026-09-09 14:22:01,Monitor-Angebote,https://www.medion.com/at/shop/monitore/angebote,6,OK,,
2026-09-09 14:22:01,Monitore,https://www.medion.com/at/shop/monitore,4,OK,,
2026-09-09 14:22:01,Mini PCs,https://www.medion.com/at/shop/mini-pcs,6,OK,,
2026-09-09 14:22:01,Microsoft Jumpstart Gaming,https://www.medion.com/at/shop/microsoft-jumpstart-gaming,30,OK,,
2026-09-09 14:22:01,Microsoft Jumpstart,https://www.medion.com/at/shop/microsoft-jumpstart,51,OK,,
2026-09-09 14:22:01,Luftreiniger Alle,https://www.medion.com/at/shop/luftreiniger-alle,377,OK,,
2026-09-09 14:22:01,Laptop & PC Week,https://www.medion.com/at/shop/lp/laptop-pc-week,23,OK,,
2026-09-09 14:22:01,Intel Produkte,https://www.medion.com/at/shop/lp/intel-produkte,30,OK,,
2026-09-09 14:22:01,Intel PC,https://www.medion.com/at/shop/lp/intel-pc,11,OK,,
2026-09-09 14:22:01,Intel Games Bundle Produkte,https://www.medion.com/at/shop/lp/intel-games-bundle-produkte,18,OK,,
2026-09-09 14:22:01,Lieferung bis Weihnachten,https://www.medion.com/at/shop/lieferung-bis-weihnachten,377,OK,,
2026-09-09 14:22:01,Lenovo Produkte,https://www.medion.com/at/shop/lenovo-produkte,4,OK,,
2026-09-09 14:22:01,Lautsprecher,https://www.medion.com/at/shop/lautsprecher,12,OK,,
2026-09-09 14:22:01,Laptop-Zubehör,https://www.medion.com/at/shop/laptops/zubehoer,5,OK,,
2026-09-09 14:22:01,SPRCHRGD Laptops,https://www.medion.com/at/shop/laptops/sprchrgd,2,OK,,
2026-09-09 14:22:01,Multimedia-Laptops,https://www.medion.com/at/shop/laptops/multimedia,11,OK,,
2026-09-09 14:22:01,KI gestützte Laptops,https://www.medion.com/at/shop/laptops/ki,3,OK,,
2026-09-09 14:22:01,Intel Core i7,https://www.medion.com/at/shop/laptops/intel-core-i7,4,OK,,
2026-09-09 14:22:01,Intel Core i5,https://www.medion.com/at/shop/laptops/intel-core-i5,2,OK,,
2026-09-09 14:22:01,Intel Core Laptops,https://www.medion.com/at/shop/laptops/intel-core,18,OK,,
2026-09-09 14:22:01,Homeoffice Laptops,https://www.medion.com/at/shop/laptops/homeoffice,12,OK,,
2026-09-09 14:22:01,Einsteiger-Laptops,https://www.medion.com/at/shop/laptops/einsteiger,1,OK,,
2026-09-09 14:22:01,Laptops Angebote,https://www.medion.com/at/shop/laptops/angebote,7,OK,,
2026-09-09 14:22:01,AMD Ryzen,https://www.medion.com/at/shop/laptops/amd-ryzen,4,OK,,
2026-09-09 14:22:01,18'' Laptops,https://www.medion.com/at/shop/laptops/18-zoll,1,OK,,
2026-09-09 14:22:01,17'' Laptops,https://www.medion.com/at/shop/laptops/17-zoll,6,OK,,
2026-09-09 14:22:01,16'' Laptops,https://www.medion.com/at/shop/laptops/16-zoll,377,OK,,
2026-09-09 14:22:01,15'' Laptops,https://www.medion.com/at/shop/laptops/15-zoll,2,OK,,
2026-09-09 14:22:01,14'' Laptops,https://www.medion.com/at/shop/laptops/14-zoll,4,OK,,
2026-09-09 14:22:01,Alle Laptops,https://www.medion.com/at/shop/laptops,12,OK,,
2026-09-09 14:22:01,Kühlen & Gefrieren,https://www.medion.com/at/shop/kuehlen-gefrieren,20,OK,,
2026-09-09 14:22:01,Küchenkleingeräte,https://www.medion.com/at/shop/kuechenkleingeraete,65,OK,,
2026-09-09 14:22:01,Reinigungsgeräte,https://www.medion.com/at/shop/kuechengeraete-reinigung,23,OK,,
2026-09-09 14:22:01,Kochen & Zubereiten,https://www.medion.com/at/shop/kuechengeraete-kochen,63,OK,,
2026-09-09 14:22:01,Frühstück,https://www.medion.com/at/shop/kuechengeraete-fruehstueck,11,OK,,
2026-09-09 14:22:01,Wasserkocher,https://www.medion.com/at/shop/kueche/wasserkocher,4,OK,,
2026-09-09 14:22:01,Toaster,https://www.medion.com/at/shop/kueche/toaster,4,OK,,
2026-09-09 14:22:01,Mini-Kühlschrank,https://www.medion.com/at/shop/kueche/mini-kuehlschraenke,4,OK,,
2026-09-09 14:22:01,Mikrowellen,https://www.medion.com/at/shop/kueche/mikrowellen,22,OK,,
2026-09-09 14:22:01,Kühlschränke,https://www.medion.com/at/shop/kueche/kuehlschraenke,8,OK,,
2026-09-09 14:22:01,Kühl- & Gefrierschränke,https://www.medion.com/at/shop/kueche/kuehl-gefrierschraenke,4,OK,,
2026-09-09 14:22:01,Küchenmaschinen,https://www.medion.com/at/shop/kueche/kuechenmaschinen,9,OK,,
2026-09-09 14:22:01,Kaffeemaschinen,https://www.medion.com/at/shop/kueche/kaffeemaschinen,3,OK,,
2026-09-09 14:22:01,Induktionskochplatten,https://www.medion.com/at/shop/kueche/induktionskochplatten,6,OK,,
2026-09-09 14:22:01,doppelkammer,https://www.medion.com/at/shop/kueche/heissluftfritteusen/doppelkammer,4,OK,,
2026-09-09 14:22:01,Heissluftfritteusen Produkte,https://www.medion.com/at/shop/kueche/heissluftfritteusen,19,OK,,
2026-09-09 14:22:01,Grills,https://www.medion.com/at/shop/kueche/grills,1,OK,,
2026-09-09 14:22:01,Gefrierschränke,https://www.medion.com/at/shop/kueche/gefrierschraenke,6,OK,,
2026-09-09 14:22:01,Eiswürfelmaschinen,https://www.medion.com/at/shop/kueche/eiswuerfelmaschinen,2,OK,,
2026-09-09 14:22:01,Brotbackautomaten,https://www.medion.com/at/shop/kueche/brotbackautomaten,2,OK,,
2026-09-09 14:22:01,Küchen-Angebote,https://www.medion.com/at/shop/kueche/angebote,31,OK,,
2026-09-09 14:22:01,Alle Küchengeräte,https://www.medion.com/at/shop/kueche/alle,89,OK,,
2026-09-09 14:22:01,Küchen-Produkte,https://www.medion.com/at/shop/kueche,89,OK,,
2026-09-09 14:22:01,Kopfhörer,https://www.medion.com/at/shop/kopfhoerer,8,OK,,
2026-09-09 14:22:01,Fitness & Gesundheit,https://www.medion.com/at/shop/koerperpflege-gesundheit,8,OK,,
2026-09-09 14:22:01,Kochen & Backen,https://www.medion.com/at/shop/kochen-backen,57,OK,,
2026-09-09 14:22:01,Klimageräte,https://www.medion.com/at/shop/klimageraete,2,OK,,
2026-09-09 14:22:01,Wecker,https://www.medion.com/at/shop/kategorie-wecker,3,OK,,
2026-09-09 14:22:01,Inventur Sale,https://www.medion.com/de/shop/inventur-sale,69,OK,,
2026-09-09 14:22:01,Internetradios,https://www.medion.com/at/shop/internetradios,7,OK,,
2026-09-09 14:22:01,Intel® Core™ Ultra Prozessoren,https://www.medion.com/at/shop/intel-core-ultra-series-2-produkte,24,OK,,
2026-09-09 14:22:01,Intel Core PCs,https://www.medion.com/at/shop/intel-core-pcs,2,OK,,
2026-09-09 14:22:01,Intel Core Gaming Laptops,https://www.medion.com/at/shop/intel-core-gaming-laptops,2,OK,,
2026-09-09 14:22:01,Intel 13 Alle,https://www.medion.com/at/shop/intel-13-alle,6,OK,,
2026-09-09 14:22:01,Hobby & Freizeit,https://www.medion.com/at/shop/hobby-und-freizeit,12,OK,,
2026-09-09 14:22:01,High End Gaming PCs,https://www.medion.com/at/shop/high-end-gaming-pc,9,OK,,
2026-09-09 14:22:01,High End Gaming Notebooks,https://www.medion.com/at/shop/high-end-gaming-notebooks,6,OK,,
2026-09-09 14:22:01,Heizen & Kühlen,https://www.medion.com/at/shop/heizen-kuehlen,9,OK,,
2026-09-09 14:22:01,Haushalt-Zubehör,https://www.medion.com/at/shop/haushalt-zubehoer,57,OK,,
2026-09-09 14:22:01,Alexa Haushalt,https://www.medion.com/at/shop/haushalt-alexa,11,OK,,
2026-09-09 14:22:01,Alle Reinigungsgeräte,https://www.medion.com/at/shop/haushalt/reinigungsgeraete,23,OK,,
2026-09-09 14:22:01,Polsterreiniger,https://www.medion.com/at/shop/haushalt/polsterreiniger,1,OK,,
2026-09-09 14:22:01,Overlock Nähmaschinen,https://www.medion.com/at/shop/haushalt/naehmaschinen/overlock,2,OK,,
2026-09-09 14:22:01,Freiarm Nähmaschinen,https://www.medion.com/at/shop/haushalt/naehmaschinen/freiarm,4,OK,,
2026-09-09 14:22:01,Digitale Nähmaschinen,https://www.medion.com/at/shop/haushalt/naehmaschinen/digital,2,OK,,
2026-09-09 14:22:01,Luftentfeuchter,https://www.medion.com/at/shop/haushalt/luftentfeuchter,3,OK,,
2026-09-09 14:22:01,Kühlboxen,https://www.medion.com/at/shop/haushalt/kuehlboxen,4,OK,,
2026-09-09 14:22:01,Haushalt- & Freizeit-Angebote,https://www.medion.com/at/shop/haushalt/angebote,25,OK,,
2026-09-09 14:22:01,Handstaubsauger,https://www.medion.com/at/shop/handstaubsauger,5,OK,,
2026-09-09 14:22:01,Haartrockner,https://www.medion.com/at/shop/haarpflege/haartrockner,2,OK,,
2026-09-09 14:22:01,Glätteisen,https://www.medion.com/at/shop/haarpflege/glaetteisen,4,OK,,
2026-09-09 14:22:01,Glättbürsten,https://www.medion.com/at/shop/haarpflege/glaettbuersten,2,OK,,
2026-09-09 14:22:01,Haarpflege,https://www.medion.com/at/shop/haarpflege,8,OK,,
2026-09-09 14:22:01,Geschirrspüler,https://www.medion.com/at/shop/geschirrspueler,2,OK,,
2026-09-09 14:22:01,Geschenke bis 400 Euro,https://www.medion.com/at/shop/geschenke-bis-400-euro,63,OK,,
2026-09-09 14:22:01,Geschenke bis 250€,https://www.medion.com/at/shop/geschenke-bis-250-euro,156,OK,,
2026-09-09 14:22:01,Geschenke bis 100€,https://www.medion.com/at/shop/geschenke-bis-100-euro,161,OK,,
2026-09-09 14:22:01,Geschenke ab 400 Euro,https://www.medion.com/at/shop/geschenke-ab-400-euro,50,OK,,
2026-09-09 14:22:01,Garten Angebote,https://www.medion.com/at/shop/garten-angebote,17,OK,,
2026-09-09 14:22:01,Garantierte Lieferung,https://www.medion.com/at/shop/garantierte-lieferung,377,OK,,
2026-09-09 14:22:01,Gaming-Zubehör,https://www.medion.com/at/shop/gaming-zubehoer,3,OK,,
2026-09-09 14:22:01,Gaming-Monitore,https://www.medion.com/at/shop/gaming-monitore,3,OK,,
2026-09-09 14:22:01,Slush Eis Maschine,https://www.medion.com/de/shop/kueche/slush-eis-maschine,6,OK,,
2026-09-09 14:22:01,Alle Gaming Produkte,https://www.medion.com/at/shop/gaming-alle,36,OK,,
2026-09-09 14:22:01,Gaming-Laptops,https://www.medion.com/at/shop/gaming/laptop,14,OK,,
2026-09-09 14:22:01,Gaming Angebote,https://www.medion.com/at/shop/gaming/angebote,13,OK,,
2026-09-09 14:22:01,Frühjahrsputz,https://www.medion.com/at/shop/fruehjahrsputz,23,OK,,
2026-09-09 14:22:01,weitere Modelle,https://www.medion.com/at/shop/fm-radios,17,OK,,
2026-09-09 14:22:01,Festival,https://www.medion.com/at/shop/festival,27,OK,,
2026-09-09 14:22:01,Heimkinosystem,https://www.medion.com/at/shop/entertainment,4,OK,,
2026-09-09 14:22:01,Eismaschinen,https://www.medion.com/at/shop/eismaschinen,6,OK,,
2026-09-09 14:22:01,Einsteiger PC,https://www.medion.com/at/shop/einsteiger-pc,1,OK,,
2026-09-09 14:22:01,Drucker & Patronen,https://www.medion.com/at/shop/drucker,2,OK,,
2026-09-09 14:22:01,Desktop-PCs,https://www.medion.com/at/shop/desktop-pcs,1,OK,,
2026-09-09 14:22:01,DAB Radios,https://www.medion.com/at/shop/dab-radios,23,OK,,
2026-09-09 14:22:01,Core Gaming PCs,https://www.medion.com/at/shop/core-gaming-pc,7,OK,,
2026-09-09 14:22:01,Core Gaming Notebooks,https://www.medion.com/at/shop/core-gaming-notebooks,8,OK,,
2026-09-09 14:22:01,PC-Zubehör,https://www.medion.com/at/shop/computer-zubehoer,6,OK,,
2026-09-09 14:22:01,Camping,https://www.medion.com/at/shop/camping,30,OK,,
2026-09-09 14:22:01,Back to Uni Tablet,https://www.medion.com/at/shop/btu-tablets,2,OK,,
2026-09-09 14:22:01,Back to Uni Radio,https://www.medion.com/at/shop/btu-radios,34,OK,,
2026-09-09 14:22:01,Back to Uni Frühstück,https://www.medion.com/at/shop/btu-fruehstuecken,10,OK,,
2026-09-09 14:22:01,Back to Uni Freizeit,https://www.medion.com/at/shop/btu-freizeit,43,OK,,
2026-09-09 14:22:01,Bodenreiniger,https://www.medion.com/at/shop/bodenreiniger,2,OK,,
2026-09-09 14:22:01,Bluetooth Lautsprecher,https://www.medion.com/at/shop/bluetooth-lautsprecher,12,OK,,
2026-09-09 14:22:01,Back to School,https://www.medion.com/at/shop/back-to-school,23,OK,,
2026-09-09 14:22:01,Alle Audio Produkte,https://www.medion.com/at/shop/audio-alle,65,OK,,
2026-09-09 14:22:01,Bluetooth-Kopfhörer,https://www.medion.com/at/shop/audio/bluetooth-kopfhoerer,377,OK,,
2026-09-09 14:22:01,Audio Angebote,https://www.medion.com/at/shop/audio/angebote,22,OK,,
2026-09-09 14:22:01,Angebote bei MEDION,https://www.medion.com/at/shop/angebote,114,OK,,
2026-09-09 14:22:01,All-in-One-PCs,https://www.medion.com/at/shop/all-in-one-pc,2,OK,,
2026-09-09 14:22:01,Alle PCs,https://www.medion.com/at/shop/alle-pcs,9,OK,,
2026-09-09 14:22:01,Alexa,https://www.medion.com/at/shop/alexa,11,OK,,
2026-09-09 14:22:01,Akoya PCs,https://www.medion.com/at/shop/akoya-pcs,1,OK,,
2026-09-09 14:22:01,Akku-Stielstaubsauger,https://www.medion.com/at/shop/akku-stielstaubsauger,8,OK,,
2026-09-09 14:22:01,Blue Days,https://www.medion.com/at/shop/blue-days,,NOT_FOUND,,
2026-09-09 14:22:01,Weekend-Sale,https://www.medion.com/at/shop/weekend-sale,,NOT_FOUND,,
2026-09-09 14:22:01,Blue Days,https://www.medion.com/de/shop/blue-days,,NOT_FOUND,,
2026-09-09 14:22:01,Gaming Days,https://www.medion.com/de/shop/gaming-days,,NOT_FOUND,,
2026-09-09 14:22:01,Weekend Sale,https://www.medion.com/de/shop/weekend-sale,,NOT_FOUND,,
2026-09-09 15:18:36,Zyklon Staubsauger,https://www.medion.com/de/shop/zyklon-staubsauger,5,OK,5.0,False
2026-09-09 15:18:36,Work from Home PCs,https://www.medion.com/de/shop/work-from-home-pcs,9,OK,9.0,False
2026-09-09 15:18:36,work-from-home-alle,https://www.medion.com/de/shop/work-from-home-alle,19,OK,19.0,False
2026-09-09 15:18:36,Saugroboter Alexa,https://www.medion.com/de/shop/alexa-saugroboter,8,OK,8.0,False
2026-09-09 15:18:36,Saugroboter Alexa,https://www.medion.com/at/shop/alexa-saugroboter,8,OK,8.0,False
2026-09-09 15:18:36,Windows Update,https://www.medion.com/de/shop/windows-update,51,OK,51.0,False
2026-09-09 15:18:36,Versandkostenfrei,https://www.medion.com/de/shop/versandkostenfrei,303,OK,303.0,False
2026-09-09 15:18:36,Ventilatoren & Klimageräte,https://www.medion.com/de/shop/ventilatoren-klimageraete,5,OK,5.0,False
2026-09-09 15:18:36,Ventilatoren,https://www.medion.com/de/shop/ventilatoren,4,OK,4.0,False
2026-09-09 15:18:36,Vidaa TVs,https://www.medion.com/de/shop/tv/vidaa,23,OK,23.0,False
2026-09-09 15:18:36,TiVo TVs,https://www.medion.com/de/shop/tv/tivo,4,OK,4.0,False
2026-09-09 15:18:36,TV-Soundbars,https://www.medion.com/de/shop/tv/soundbars,4,OK,4.0,False
2026-09-09 15:18:36,Smart TV,https://www.medion.com/de/shop/tv/smart-tv,32,OK,32.0,False
2026-09-09 15:18:36,QLED TVs,https://www.medion.com/de/shop/tv/qled,13,OK,13.0,False
2026-09-09 15:18:36,Premium-TVs,https://www.medion.com/de/shop/tv/premium,13,OK,13.0,False
2026-09-09 15:18:36,OLED TVs,https://www.medion.com/de/shop/tv/oled,2,OK,2.0,False
2026-09-09 15:18:36,TVs mit Soundbar,https://www.medion.com/de/shop/tv/mit-soundbar,62,OK,62.0,False
2026-09-09 15:18:36,Mini LED Tvs,https://www.medion.com/de/shop/tv/mini-led,2,OK,2.0,False
2026-09-09 15:18:36,Mobilen TVs,https://www.medion.com/de/shop/tv/mini,1,OK,1.0,False
2026-09-09 15:18:36,TV Kaufberater Micro Dimming,https://www.medion.com/de/shop/tv/micro-dimming,11,OK,11.0,False
2026-09-09 15:18:36,TV HDR,https://www.medion.com/de/shop/tv/hdr,48,OK,48.0,False
2026-09-09 15:18:36,HD TVs,https://www.medion.com/de/shop/tv/hd,5,OK,5.0,False
2026-09-09 15:18:36,Fire TVs,https://www.medion.com/de/shop/tv/fire-tv,0,OK,414.0,True
2026-09-09 15:18:36,FHD TVs,https://www.medion.com/de/shop/tv/fhd,17,OK,17.0,False
2026-09-09 15:18:36,Einsteiger,https://www.medion.com/de/shop/tv/einsteiger,6,OK,6.0,False
2026-09-09 15:18:36,TV Dolby Vision,https://www.medion.com/de/shop/tv/dolby-vision,31,OK,31.0,False
2026-09-09 15:18:36,bis ca. 80 cm (32''),https://www.medion.com/de/shop/tv/bis-32-zoll,10,OK,10.0,False
2026-09-09 15:18:36,Angebote TV,https://www.medion.com/de/shop/tv/angebote,25,OK,25.0,False
2026-09-09 15:18:36,Android TVs,https://www.medion.com/de/shop/tv/android-tv,8,OK,8.0,False
2026-09-09 15:18:36,ab ca. 139 cm (55“ ),https://www.medion.com/de/shop/tv/ab-55-zoll,22,OK,22.0,False
2026-09-09 15:18:36,4K UHD TVs,https://www.medion.com/de/shop/tv/4k-uhd,36,OK,36.0,False
2026-09-09 15:18:36,ca. 98 cm - 126 cm (39“ bis 50“),https://www.medion.com/de/shop/tv/39-bis-50-zoll,26,OK,26.0,False
2026-09-09 15:18:36,Alle TVs,https://www.medion.com/de/shop/tv,58,OK,58.0,False
2026-09-09 15:18:36,Turmventilatoren,https://www.medion.com/de/shop/turmventilatoren,0,OK,414.0,True
2026-09-09 15:18:36,Topseller,https://www.medion.com/de/shop/topseller,19,OK,19.0,False
2026-09-09 15:18:36,Alle Tablets,https://www.medion.com/de/shop/tablets-alle,2,OK,2.0,False
2026-09-09 15:18:36,Staubsauger,https://www.medion.com/de/shop/staubsauger-alle,10,OK,10.0,False
2026-09-09 15:18:36,Sportliche Angebote,https://www.medion.com/de/shop/sportliche-angebote,25,OK,25.0,False
2026-09-09 15:18:36,Sommer Angebote,https://www.medion.com/de/shop/sommer-angebote,52,OK,52.0,False
2026-09-09 15:18:36,Smarte Produkte alle,https://www.medion.com/de/shop/smarte-produkte-alle,3,OK,3.0,False
2026-09-09 15:18:36,Poolroboter,https://www.medion.com/de/shop/haushalt/poolroboter,1,OK,1.0,False
2026-09-09 15:18:36,Alle Laptops,https://www.medion.com/de/shop/searchpages/alle-laptops,27,OK,27.0,False
2026-09-09 15:18:36,Poolroboter,https://www.medion.com/at/shop/haushalt/poolroboter,1,OK,1.0,False
2026-09-09 15:18:36,Saugroboter S-Serie,https://www.medion.com/at/shop/saugroboter-s-serie,7,OK,7.0,False
2026-09-09 15:18:36,Rückgaberecht,https://www.medion.com/de/shop/rueckgaberecht,0,OK,414.0,True
2026-09-09 15:18:36,PC-Zubehör,https://www.medion.com/de/shop/pc/zubehoer,6,OK,6.0,False
2026-09-09 15:18:36,Mäuse und Tastaturen,https://www.medion.com/de/shop/pc/tastatur-maus,2,OK,2.0,False
2026-09-09 15:18:36,Monitore,https://www.medion.com/de/shop/pc/monitor,4,OK,4.0,False
2026-09-09 15:18:36,Mini PCs,https://www.medion.com/de/shop/pc/mini,6,OK,6.0,False
2026-09-09 15:18:36,Drucker,https://www.medion.com/de/shop/pc/drucker,2,OK,2.0,False
2026-09-09 15:18:36,Desktop-PCs,https://www.medion.com/de/shop/pc/desktop,1,OK,1.0,False
2026-09-09 15:18:36,Angebote PC & Monitore,https://www.medion.com/de/shop/pc/angebote,6,OK,6.0,False
2026-09-09 15:18:36,All-in-One-PCs,https://www.medion.com/de/shop/pc/all-in-one,2,OK,2.0,False
2026-09-09 15:18:36,Alle PCs,https://www.medion.com/de/shop/pc/alle,9,OK,9.0,False
2026-09-09 15:18:36,Paypal null Prozent Finanzierung,https://www.medion.com/de/shop/paypal-null-prozent-finanzierung,205,OK,205.0,False
2026-09-09 15:18:36,Party,https://www.medion.com/de/shop/party,12,OK,12.0,False
2026-09-09 15:18:36,Nvidia 50er Serie Produkte,https://www.medion.com/de/shop/nvidia-rtx-serie-50,21,OK,21.0,False
2026-09-09 15:18:36,NVIDIA RTX Produkte,https://www.medion.com/de/shop/nvidia-rtx-produkte,31,OK,31.0,False
2026-09-09 15:18:36,NVIDIA RTX Laptops,https://www.medion.com/de/shop/nvidia-rtx-laptops,15,OK,15.0,False
2026-09-09 15:18:36,Nvidia rtx,https://www.medion.com/de/shop/nvidia-rtx,31,OK,31.0,False
2026-09-09 15:18:36,NVIDIA PC,https://www.medion.com/de/shop/nvidia-pc,16,OK,16.0,False
2026-09-09 15:18:36,Neuheiten,https://www.medion.com/de/shop/neuheiten,18,OK,18.0,False
2026-09-09 15:18:36,Multimedia-PC,https://www.medion.com/de/shop/multimedia-pc,7,OK,7.0,False
2026-09-09 15:18:36,Monitor-Angebote,https://www.medion.com/de/shop/monitore/angebote,6,OK,6.0,False
2026-09-09 15:18:36,Microsoft Jumpstart Gaming,https://www.medion.com/de/shop/microsoft-jumpstart-gaming,31,OK,31.0,False
2026-09-09 15:18:36,Microsoft Jumpstart,https://www.medion.com/de/shop/microsoft-jumpstart,52,OK,52.0,False
2026-09-09 15:18:36,Luftreiniger Alle,https://www.medion.com/de/shop/luftreiniger-alle,0,OK,414.0,True
2026-09-09 15:18:36,TV-Aktion,https://www.medion.com/de/shop/lp/tv-aktion,15,OK,15.0,False
2026-09-09 15:18:36,Laptop & PC Week,https://www.medion.com/de/shop/lp/laptop-pc-week,23,OK,23.0,False
2026-09-09 15:18:36,Intel Produkte,https://www.medion.com/de/shop/lp/intel-produkte,31,OK,31.0,False
2026-09-09 15:18:36,Intel PC,https://www.medion.com/de/shop/lp/intel-pc,11,OK,11.0,False
2026-09-09 15:18:36,Intel Games Bundle Produkte,https://www.medion.com/de/shop/lp/intel-games-bundle-produkte,19,OK,19.0,False
2026-09-09 15:18:36,Defender 17 P10,https://www.medion.com/de/shop/lp/erazer/defender-17-p10,3,OK,3.0,False
2026-09-09 15:18:36,Beast 16 X10,https://www.medion.com/de/shop/lp/erazer/beast-16-x10,4,OK,4.0,False
2026-09-09 15:18:36,Lieferung bis Weihnachten,https://www.medion.com/de/shop/lieferung-bis-weihnachten,0,OK,414.0,True
2026-09-09 15:18:36,Lenovo Produkte,https://www.medion.com/de/shop/lenovo-produkte,4,OK,4.0,False
2026-09-09 15:18:36,Laptop-Zubehör,https://www.medion.com/de/shop/laptops/zubehoer,5,OK,5.0,False
2026-09-09 15:18:36,Sprchrgd Laptops,https://www.medion.com/de/shop/laptops/sprchrgd,2,OK,2.0,False
2026-09-09 15:18:36,Multimedia-Laptops,https://www.medion.com/de/shop/laptops/multimedia,11,OK,11.0,False
2026-09-09 15:18:36,KI gestützte Laptops,https://www.medion.com/de/shop/laptops/ki,3,OK,3.0,False
2026-09-09 15:18:36,Intel Core i7,https://www.medion.com/de/shop/laptops/intel-core-i7,4,OK,4.0,False
2026-09-09 15:18:36,Intel Core i5,https://www.medion.com/de/shop/laptops/intel-core-i5,2,OK,2.0,False
2026-09-09 15:18:36,Intel Core Laptops,https://www.medion.com/de/shop/laptops/intel-core,19,OK,19.0,False
2026-09-09 15:18:36,Homeoffice Laptops,https://www.medion.com/de/shop/laptops/homeoffice,12,OK,12.0,False
2026-09-09 15:18:36,Einsteiger-Laptops,https://www.medion.com/de/shop/laptops/einsteiger,1,OK,1.0,False
2026-09-09 15:18:36,Laptops Angebote,https://www.medion.com/de/shop/laptops/angebote,9,OK,9.0,False
2026-09-09 15:18:36,AMD Ryzen,https://www.medion.com/de/shop/laptops/amd-ryzen,4,OK,4.0,False
2026-09-09 15:18:36,18'' Laptops,https://www.medion.com/de/shop/laptops/18-zoll,1,OK,1.0,False
2026-09-09 15:18:36,17'' Laptops,https://www.medion.com/de/shop/laptops/17-zoll,6,OK,6.0,False
2026-09-09 15:18:36,16'' Laptops,https://www.medion.com/de/shop/laptops/16-zoll,0,OK,414.0,True
2026-09-09 15:18:36,15'' Laptops,https://www.medion.com/de/shop/laptops/15-zoll,2,OK,2.0,False
2026-09-09 15:18:36,14'' Laptops,https://www.medion.com/de/shop/laptops/14-zoll,4,OK,4.0,False
2026-09-09 15:18:36,Alle Laptops,https://www.medion.com/de/shop/laptops,12,OK,12.0,False
2026-09-09 15:18:36,Reinigungsgeräte,https://www.medion.com/de/shop/kuechengeraete-reinigung,30,OK,30.0,False
2026-09-09 15:18:36,Frühstück,https://www.medion.com/de/shop/kuechengeraete-fruehstueck,11,OK,11.0,False
2026-09-09 15:18:36,Wasserkocher,https://www.medion.com/de/shop/kueche/wasserkocher,4,OK,4.0,False
2026-09-09 15:18:36,Toaster,https://www.medion.com/de/shop/kueche/toaster,4,OK,4.0,False
2026-09-09 15:18:36,Gaming Days,https://www.medion.com/at/shop/gaming-days,,NOT_FOUND,,False
2026-09-09 15:18:36,Mini Kühlschrank,https://www.medion.com/de/shop/kueche/mini-kuehlschraenke,4,OK,4.0,False
2026-09-09 15:18:36,Mikrowellen,https://www.medion.com/de/shop/kueche/mikrowellen,22,OK,22.0,False
2026-09-09 15:18:36,Kühlschränke,https://www.medion.com/de/shop/kueche/kuehlschraenke,10,OK,10.0,False
2026-09-09 15:18:36,Kühl- & Gefrierschränke,https://www.medion.com/de/shop/kueche/kuehl-gefrierschraenke,8,OK,8.0,False
2026-09-09 15:18:36,Kühlen & Gefrieren,https://www.medion.com/de/shop/kueche/kuehlen-gefrieren,26,OK,26.0,False
2026-09-09 15:18:36,Kühlboxen,https://www.medion.com/de/shop/kueche/kuehlboxen,4,OK,4.0,False
2026-09-09 15:18:36,Küchenmaschinen,https://www.medion.com/de/shop/kueche/kuechenmaschinen,9,OK,9.0,False
2026-09-09 15:18:36,Küchenkleingeräte,https://www.medion.com/de/shop/kueche/kuechenkleingeraete,65,OK,65.0,False
2026-09-09 15:18:36,Kochen & Zubereiten,https://www.medion.com/de/shop/kueche/kuechengeraete-kochen,63,OK,63.0,False
2026-09-09 15:18:36,Kaffeemaschinen,https://www.medion.com/de/shop/kueche/kaffeemaschinen,3,OK,3.0,False
2026-09-09 15:18:36,Induktionskochplatten,https://www.medion.com/de/shop/kueche/induktionskochplatten,6,OK,6.0,False
2026-09-09 15:18:36,Heißluftfritteuse mit zwei Kammern,https://www.medion.com/de/shop/kueche/heissluftfritteusen/doppelkammer,4,OK,4.0,False
2026-09-09 15:18:36,Alle Heissluftfritteusen,https://www.medion.com/de/shop/kueche/heissluftfritteusen,19,OK,19.0,False
2026-09-09 15:18:36,Grills,https://www.medion.com/de/shop/kueche/grills,1,OK,1.0,False
2026-09-09 15:18:36,Geschirrspüler,https://www.medion.com/de/shop/kueche/geschirrspueler,9,OK,9.0,False
2026-09-09 15:18:36,Gefrierschränke,https://www.medion.com/de/shop/kueche/gefrierschraenke,8,OK,8.0,False
2026-09-09 15:18:36,Eiswürfelmaschinen,https://www.medion.com/de/shop/kueche/eiswuerfelmaschinen,2,OK,2.0,False
2026-09-09 15:18:36,Eismaschinen,https://www.medion.com/de/shop/kueche/eismaschine,6,OK,6.0,False
2026-09-09 15:18:36,Brotbackautomaten,https://www.medion.com/de/shop/kueche/brotbackautomaten,2,OK,2.0,False
2026-09-09 15:18:36,Küchen-Angebote,https://www.medion.com/de/shop/kueche/angebote,35,OK,35.0,False
2026-09-09 15:18:36,Alle Küchengeräte,https://www.medion.com/de/shop/kueche/alle,65,OK,65.0,False
2026-09-09 15:18:36,Fitness & Gesundheit,https://www.medion.com/de/shop/koerperpflege-gesundheit,8,OK,8.0,False
2026-09-09 15:18:36,Kochen & Backen,https://www.medion.com/de/shop/kochen-backen,57,OK,57.0,False
2026-09-09 15:18:36,Klimageräte,https://www.medion.com/de/shop/klimageraete,2,OK,2.0,False
2026-09-09 15:18:36,Kabelloses Glätteisen HS2,https://www.medion.com/de/shop/kabelloses-glaetteisen-hs2,2,OK,2.0,False
2026-09-09 15:18:36,Inventur Sale,https://www.medion.com/at/shop/inventur-sale,65,OK,65.0,False
2026-09-09 15:18:36,Internetradios,https://www.medion.com/de/shop/internetradios,7,OK,7.0,False
2026-09-09 15:18:36,Intel® Core™ Ultra Prozessoren,https://www.medion.com/de/shop/intel-core-ultra-series-2-produkte,25,OK,25.0,False
2026-09-09 15:18:36,Intel Core PCs,https://www.medion.com/de/shop/intel-core-pcs,2,OK,2.0,False
2026-09-09 15:18:36,Intel Core Gaming Laptops,https://www.medion.com/de/shop/intel-core-gaming-laptops,2,OK,2.0,False
2026-09-09 15:18:36,Intel 13 Alle,https://www.medion.com/de/shop/intel-13-alle,6,OK,6.0,False
2026-09-09 15:18:36,Hobby & Freizeit,https://www.medion.com/de/shop/hobby-und-freizeit,12,OK,12.0,False
2026-09-09 15:18:36,High End Gaming PCs,https://www.medion.com/de/shop/high-end-gaming-pc,9,OK,9.0,False
2026-09-09 15:18:36,High End Gaming Notebooks,https://www.medion.com/de/shop/high-end-gaming-notebooks,7,OK,7.0,False
2026-09-09 15:18:36,Heizen & Kühlen,https://www.medion.com/de/shop/heizen-kuehlen,9,OK,9.0,False
2026-09-09 15:18:36,Haushalt-Zubehör,https://www.medion.com/de/shop/haushalt-zubehoer,58,OK,58.0,False
2026-09-09 15:18:36,Alexa Haushalt,https://www.medion.com/de/shop/haushalt-alexa,11,OK,11.0,False
2026-09-09 15:18:36,zubehoer-p400-p350,https://www.medion.com/de/shop/haushalt/stielstaubsauger/zubehoer-p400-p350,4,OK,4.0,False
2026-09-09 15:18:36,Alle Reinigungsgeräte,https://www.medion.com/de/shop/haushalt/reinigungsgeraete,30,OK,30.0,False
2026-09-09 15:18:36,Polsterreiniger,https://www.medion.com/de/shop/haushalt/polsterreiniger,1,OK,1.0,False
2026-09-09 15:18:36,Overlock Nähmaschinen,https://www.medion.com/de/shop/haushalt/naehmaschinen/overlock,2,OK,2.0,False
2026-09-09 15:18:36,Freiarm Nähmaschinen,https://www.medion.com/de/shop/haushalt/naehmaschinen/freiarm,4,OK,4.0,False
2026-09-09 15:18:36,Digitale Nähmaschinen,https://www.medion.com/de/shop/haushalt/naehmaschinen/digital,2,OK,2.0,False
2026-09-09 15:18:36,Nähmaschinen,https://www.medion.com/de/shop/haushalt/naehmaschinen,11,OK,11.0,False
2026-09-09 15:18:36,luftentfeuchter,https://www.medion.com/de/shop/haushalt/heizen-kuehlen/luftentfeuchter,3,OK,3.0,False
2026-09-09 15:18:36,Alle Haushalt- und Freizeit-Produkte,https://www.medion.com/de/shop/haushalt/alle,60,OK,60.0,False
2026-09-09 15:18:36,Haushalt- & Freizeit-Angebote,https://www.medion.com/de/shop/haushalt/angebote,27,OK,27.0,False
2026-09-09 15:18:36,Alle Haushalt- und Freizeit-Produkte,https://www.medion.com/at/shop/haushalt-freizeit-alle,53,OK,53.0,False
2026-09-09 15:18:36,Handstaubsauger,https://www.medion.com/de/shop/handstaubsauger,5,OK,5.0,False
2026-09-09 15:18:36,Haartrockner LIFE HD2,https://www.medion.com/de/shop/haartrockner-life-hd2,2,OK,2.0,False
2026-09-09 15:18:36,Haartrockner,https://www.medion.com/de/shop/haarpflege/haartrockner,2,OK,2.0,False
2026-09-09 15:18:36,Glätteisen,https://www.medion.com/de/shop/haarpflege/glaetteisen,4,OK,4.0,False
2026-09-09 15:18:36,Glättbürsten,https://www.medion.com/de/shop/haarpflege/glaettbuersten,2,OK,2.0,False
2026-09-09 15:18:36,Haarpflege,https://www.medion.com/de/shop/haarpflege,8,OK,8.0,False
2026-09-09 15:18:36,Glätteisen LIFE HS1,https://www.medion.com/de/shop/glaetteisen-life-hs1,2,OK,2.0,False
2026-09-09 15:18:36,Geschenke bis 400 Euro,https://www.medion.com/de/shop/geschenke-bis-400-euro,87,OK,87.0,False
2026-09-09 15:18:36,Geschenke bis 250€,https://www.medion.com/de/shop/geschenke-bis-250-euro,168,OK,168.0,False
2026-09-09 15:18:36,Geschenke bis 100€,https://www.medion.com/de/shop/geschenke-bis-100-euro,161,OK,161.0,False
2026-09-09 15:18:36,Geschenke ab 400 Euro,https://www.medion.com/de/shop/geschenke-ab-400-euro,63,OK,63.0,False
2026-09-09 15:18:36,Garten Angebote,https://www.medion.com/de/shop/garten-angebote,17,OK,17.0,False
2026-09-09 15:18:36,Slush Eis Maschine,https://www.medion.com/at/shop/kueche/slush-eis-maschine,6,OK,6.0,False
2026-09-09 15:18:36,Gaming-Zubehör,https://www.medion.com/de/shop/gaming/zubehoer,3,OK,3.0,False
2026-09-09 15:18:36,Gaming-PCs,https://www.medion.com/de/shop/gaming/pc,16,OK,16.0,False
2026-09-09 15:18:36,Gaming-Monitore,https://www.medion.com/de/shop/gaming/monitor,3,OK,3.0,False
2026-09-09 15:18:36,Gaming-Laptops,https://www.medion.com/de/shop/gaming/laptop,15,OK,15.0,False
2026-09-09 15:18:36,Angebote Gaming,https://www.medion.com/de/shop/gaming/angebote,14,OK,14.0,False
2026-09-09 15:18:36,Alle Gaming Produkte,https://www.medion.com/de/shop/gaming/alle,37,OK,37.0,False
2026-09-09 15:18:36,Frühjahrsputz,https://www.medion.com/de/shop/fruehjahrsputz,30,OK,30.0,False
2026-09-09 15:18:36,weitere Modelle,https://www.medion.com/de/shop/fm-radios,17,OK,17.0,False
2026-09-09 15:18:36,Festival,https://www.medion.com/de/shop/festival,27,OK,27.0,False
2026-09-09 15:18:36,Heimkinosystem,https://www.medion.com/de/shop/entertainment,4,OK,4.0,False
2026-09-09 15:18:36,Einsteiger PC,https://www.medion.com/de/shop/einsteiger-pc,1,OK,1.0,False
2026-09-09 15:18:36,DAB Radios,https://www.medion.com/de/shop/dab-radios,10,OK,10.0,False
2026-09-09 15:18:36,Core Gaming PCs,https://www.medion.com/de/shop/core-gaming-pc,7,OK,7.0,False
2026-09-09 15:18:36,Core Gaming Notebooks,https://www.medion.com/de/shop/core-gaming-notebooks,8,OK,8.0,False
2026-09-09 15:18:36,Camping,https://www.medion.com/de/shop/camping,35,OK,35.0,False
2026-09-09 15:18:36,Back to Uni Tablet,https://www.medion.com/de/shop/btu-tablets,2,OK,2.0,False
2026-09-09 15:18:36,Back to Uni Radio,https://www.medion.com/de/shop/btu-radios,34,OK,34.0,False
2026-09-09 15:18:36,Back to Uni Frühstück,https://www.medion.com/de/shop/btu-fruehstuecken,10,OK,10.0,False
2026-09-09 15:18:36,Back to Uni Freizeit,https://www.medion.com/de/shop/btu-freizeit,43,OK,43.0,False
2026-09-09 15:18:36,Bodenreiniger,https://www.medion.com/de/shop/bodenreiniger,2,OK,2.0,False
2026-09-09 15:18:36,Bluetooth Lautsprecher,https://www.medion.com/de/shop/bluetooth-lautsprecher,12,OK,12.0,False
2026-09-09 15:18:36,Back to School,https://www.medion.com/de/shop/back-to-school,23,OK,23.0,False
2026-09-09 15:18:36,Wecker,https://www.medion.com/de/shop/audio/wecker,3,OK,3.0,False
2026-09-09 15:18:36,Radios,https://www.medion.com/de/shop/audio/radio,34,OK,34.0,False
2026-09-09 15:18:36,Partylautsprecher,https://www.medion.com/de/shop/audio/partylautsprecher,12,OK,12.0,False
2026-09-09 15:18:36,Audio-Systeme,https://www.medion.com/de/shop/audio/musikanlagen,12,OK,12.0,False
2026-09-09 15:18:36,Lautsprecher,https://www.medion.com/de/shop/audio/lautsprecher,12,OK,12.0,False
2026-09-09 15:18:36,Küchen-unterbauradio,https://www.medion.com/de/shop/audio/kuechenunterbauradios,3,OK,3.0,False
2026-09-09 15:18:36,Kopfhörer,https://www.medion.com/de/shop/audio/kopfhoerer,8,OK,8.0,False
2026-09-09 15:18:36,Boomboxen,https://www.medion.com/de/shop/audio/boomboxen,12,OK,12.0,False
2026-09-09 15:18:36,Bluetooth Kopfhörer,https://www.medion.com/de/shop/audio/bluetooth-kopfhoerer,6,OK,6.0,False
2026-09-09 15:18:36,Baustellenradio,https://www.medion.com/de/shop/audio/baustellenradio,4,OK,4.0,False
2026-09-09 15:18:36,Angebote Audio,https://www.medion.com/de/shop/audio/angebote,22,OK,22.0,False
2026-09-09 15:18:36,Alle Audio Produkte,https://www.medion.com/de/shop/audio/alle,65,OK,65.0,False
2026-09-09 15:18:36,Angebote bei MEDION,https://www.medion.com/de/shop/angebote,126,OK,126.0,False
2026-09-09 15:18:36,Alexa,https://www.medion.com/de/shop/alexa,11,OK,11.0,False
2026-09-09 15:18:36,Akoya PCs,https://www.medion.com/de/shop/akoya-pcs,1,OK,1.0,False
2026-09-09 15:18:36,Akku-Stielstaubsauger,https://www.medion.com/de/shop/akku-stielstaubsauger,8,OK,8.0,False
2026-09-09 15:18:36,Zyklon Staubsauger,https://www.medion.com/at/shop/zyklon-staubsauger,5,OK,5.0,False
2026-09-09 15:18:36,Work from Home PCs,https://www.medion.com/at/shop/work-from-home-pcs,9,OK,9.0,False
2026-09-09 15:18:36,work-from-home-alle,https://www.medion.com/at/shop/work-from-home-alle,19,OK,19.0,False
2026-09-09 15:18:36,Saugroboter,https://www.medion.com/de/shop/saugroboter/saugroboter-wischroboter,9,OK,9.0,False
2026-09-09 15:18:36,Saugroboter,https://www.medion.com/at/shop/saugroboter-wischroboter,9,OK,9.0,False
2026-09-09 15:18:36,Windows Update,https://www.medion.com/at/shop/windows-update,50,OK,50.0,False
2026-09-09 15:18:36,Versandkostenfrei,https://www.medion.com/at/shop/versandkostenfrei,268,OK,268.0,False
2026-09-09 15:18:36,Ventilatoren & Klimageräte,https://www.medion.com/at/shop/ventilatoren-klimageraete,5,OK,5.0,False
2026-09-09 15:18:36,Ventilatoren,https://www.medion.com/at/shop/ventilatoren,4,OK,4.0,False
2026-09-09 15:18:36,TV Kaufberater Auflösungen,https://www.medion.com/at/shop/tv-hd-fhd-uhd,0,OK,377.0,True
2026-09-09 15:18:36,TV Kaufberater Hintergrundbeleuchtung,https://www.medion.com/at/shop/tv-edge-led-direct-led,0,OK,377.0,True
2026-09-09 15:18:36,Vidaa TVs,https://www.medion.com/at/shop/tv/vidaa,14,OK,14.0,False
2026-09-09 15:18:36,TV-Soundbars,https://www.medion.com/at/shop/tv/soundbars,4,OK,4.0,False
2026-09-09 15:18:36,Smart TV,https://www.medion.com/at/shop/tv/smart-tv,16,OK,16.0,False
2026-09-09 15:18:36,QLED TVs,https://www.medion.com/at/shop/tv/qled,6,OK,6.0,False
2026-09-09 15:18:36,Premium-TVs,https://www.medion.com/at/shop/tv/premium,4,OK,4.0,False
2026-09-09 15:18:36,OLED TVs,https://www.medion.com/at/shop/tv/oled,0,OK,377.0,True
2026-09-09 15:18:36,TVs mit Soundbar,https://www.medion.com/at/shop/tv/mit-soundbar,40,OK,40.0,False
2026-09-09 15:18:36,Mobilen TVs,https://www.medion.com/at/shop/tv/mini,1,OK,1.0,False
2026-09-09 15:18:36,TV Kaufberater Micro Dimming,https://www.medion.com/at/shop/tv/micro-dimming,6,OK,6.0,False
2026-09-09 15:18:36,TV HDR,https://www.medion.com/at/shop/tv/hdr,26,OK,26.0,False
2026-09-09 15:18:36,HD TVs,https://www.medion.com/at/shop/tv/hd,5,OK,5.0,False
2026-09-09 15:18:36,Fire TVs,https://www.medion.com/at/shop/tv/fire-tv,0,OK,377.0,True
2026-09-09 15:18:36,FHD TVs,https://www.medion.com/at/shop/tv/fhd,17,OK,17.0,False
2026-09-09 15:18:36,Einsteiger,https://www.medion.com/at/shop/tv/einsteiger,6,OK,6.0,False
2026-09-09 15:18:36,TV Dolby Vision,https://www.medion.com/at/shop/tv/dolby-vision,12,OK,12.0,False
2026-09-09 15:18:36,bis ca. 80 cm (32''),https://www.medion.com/at/shop/tv/bis-32-zoll,10,OK,10.0,False
2026-09-09 15:18:36,TV Angebote,https://www.medion.com/at/shop/tv/angebote,19,OK,19.0,False
2026-09-09 15:18:36,Android TVs,https://www.medion.com/at/shop/tv/android-tv,8,OK,8.0,False
2026-09-09 15:18:36,4K UHD TVs,https://www.medion.com/at/shop/tv/4k-uhd,14,OK,14.0,False
2026-09-09 15:18:36,ca. 98 cm - 126 cm (39“ bis 50“),https://www.medion.com/at/shop/tv/39-bis-50-zoll,26,OK,26.0,False
2026-09-09 15:18:36,Alle TVs,https://www.medion.com/at/shop/tv,36,OK,36.0,False
2026-09-09 15:18:36,Turmventilatoren,https://www.medion.com/at/shop/turmventilatoren,0,OK,377.0,True
2026-09-09 15:18:36,Topseller,https://www.medion.com/at/shop/topseller,19,OK,19.0,False
2026-09-09 15:18:36,Mäuse und Tastaturen,https://www.medion.com/at/shop/tastaturen-und-maeuse,2,OK,2.0,False
2026-09-09 15:18:36,Alle Tablets,https://www.medion.com/at/shop/tablets-alle,2,OK,2.0,False
2026-09-09 15:18:36,Staubsauger,https://www.medion.com/at/shop/staubsauger-alle,10,OK,10.0,False
2026-09-09 15:18:36,Sportliche Angebote,https://www.medion.com/at/shop/sportliche-angebote,19,OK,19.0,False
2026-09-09 15:18:36,Sommer Angebote,https://www.medion.com/at/shop/sommer-angebote,46,OK,46.0,False
2026-09-09 15:18:36,Saugroboter X-Serie,https://www.medion.com/de/shop/saugroboter/saugroboter-x-serie,9,OK,9.0,False
2026-09-09 15:18:36,Smarte Produkte alle,https://www.medion.com/at/shop/smarte-produkte-alle,3,OK,3.0,False
2026-09-09 15:18:36,Saugroboter X-Serie,https://www.medion.com/at/shop/saugroboter-x-serie,9,OK,9.0,False
2026-09-09 15:18:36,zubehoer-x50,https://www.medion.com/de/shop/saugroboter/zubehoer-x50,4,OK,4.0,False
2026-09-09 15:18:36,zubehoer-x41-x42,https://www.medion.com/de/shop/saugroboter/zubehoer-x41-x42,6,OK,6.0,False
2026-09-09 15:18:36,zubehoer-x40,https://www.medion.com/de/shop/saugroboter/zubehoer-x40,4,OK,4.0,False
2026-09-09 15:18:36,zubehoer-x20,https://www.medion.com/de/shop/saugroboter/zubehoer-x20,5,OK,5.0,False
2026-09-09 15:18:36,zubehoer-x10,https://www.medion.com/de/shop/saugroboter/zubehoer-x10,3,OK,3.0,False
2026-09-09 15:18:36,zubehoer-s40,https://www.medion.com/de/shop/saugroboter/zubehoer-s40,2,OK,2.0,False
2026-09-09 15:18:36,zubehoer-s35,https://www.medion.com/de/shop/saugroboter/zubehoer-s35,0,OK,414.0,True
2026-09-09 15:18:36,zubehoer-s30,https://www.medion.com/de/shop/saugroboter/zubehoer-s30,0,OK,414.0,True
2026-09-09 15:18:36,zubehoer-s20,https://www.medion.com/de/shop/saugroboter/zubehoer-s20,3,OK,3.0,False
2026-09-09 15:18:36,zubehoer-s05,https://www.medion.com/de/shop/saugroboter/zubehoer-s05,0,OK,414.0,True
2026-09-09 15:18:36,Saugroboter-Zubehör,https://www.medion.com/de/shop/saugroboter-zubehoer,48,OK,48.0,False
2026-09-09 15:18:36,Saugroboter-Zubehör,https://www.medion.com/at/shop/saugroboter-zubehoer,47,OK,47.0,False
2026-09-09 15:18:36,Saugroboter mit Wischfunktion,https://www.medion.com/de/shop/saug-wischroboter,9,OK,9.0,False
2026-09-09 15:18:36,Saugroboter mit Wischfunktion,https://www.medion.com/at/shop/saug-wischroboter,9,OK,9.0,False
2026-09-09 15:18:36,Rückgaberecht,https://www.medion.com/at/shop/rueckgaberecht,0,OK,377.0,True
2026-09-09 15:18:36,Radios,https://www.medion.com/at/shop/radios,34,OK,34.0,False
2026-09-09 15:18:36,QLED OLED TVs,https://www.medion.com/at/shop/qled-oled-tvs,6,OK,6.0,False
2026-09-09 15:18:36,Performance-Fernseher,https://www.medion.com/at/shop/performance-fernseher,26,OK,26.0,False
2026-09-09 15:18:36,Gaming-PCs,https://www.medion.com/at/shop/pc-gamer,16,OK,16.0,False
2026-09-09 15:18:36,PC-Angebote,https://www.medion.com/at/shop/pc/angebote,6,OK,6.0,False
2026-09-09 15:18:36,Partylautsprecher,https://www.medion.com/at/shop/partylautsprecher,12,OK,12.0,False
2026-09-09 15:18:36,Party,https://www.medion.com/at/shop/party,12,OK,12.0,False
2026-09-09 15:18:36,Nvidia 50er Serie Produkte,https://www.medion.com/at/shop/nvidia-rtx-serie-50,20,OK,20.0,False
2026-09-09 15:18:36,NVIDIA RTX Produkte,https://www.medion.com/at/shop/nvidia-rtx-produkte,30,OK,30.0,False
2026-09-09 15:18:36,NVIDIA RTX Laptops,https://www.medion.com/at/shop/nvidia-rtx-laptops,14,OK,14.0,False
2026-09-09 15:18:36,Nvidia rtx,https://www.medion.com/at/shop/nvidia-rtx,30,OK,30.0,False
2026-09-09 15:18:36,NVIDIA PC,https://www.medion.com/at/shop/nvidia-pc,16,OK,16.0,False
2026-09-09 15:18:36,Neuheiten,https://www.medion.com/at/shop/neuheiten,17,OK,17.0,False
2026-09-09 15:18:36,Nähmaschinen,https://www.medion.com/at/shop/naehmaschinen,11,OK,11.0,False
2026-09-09 15:18:36,Nähmaschine,https://www.medion.com/at/shop/naehmaschine,11,OK,11.0,False
2026-09-09 15:18:36,Audio-Systeme,https://www.medion.com/at/shop/musikanlagen,12,OK,12.0,False
2026-09-09 15:18:36,Multimedia-PC,https://www.medion.com/at/shop/multimedia-pc,7,OK,7.0,False
2026-09-09 15:18:36,Monitor-Angebote,https://www.medion.com/at/shop/monitore/angebote,6,OK,6.0,False
2026-09-09 15:18:36,Monitore,https://www.medion.com/at/shop/monitore,4,OK,4.0,False
2026-09-09 15:18:36,Mini PCs,https://www.medion.com/at/shop/mini-pcs,6,OK,6.0,False
2026-09-09 15:18:36,Microsoft Jumpstart Gaming,https://www.medion.com/at/shop/microsoft-jumpstart-gaming,30,OK,30.0,False
2026-09-09 15:18:36,Microsoft Jumpstart,https://www.medion.com/at/shop/microsoft-jumpstart,51,OK,51.0,False
2026-09-09 15:18:36,Luftreiniger Alle,https://www.medion.com/at/shop/luftreiniger-alle,0,OK,377.0,True
2026-09-09 15:18:36,Laptop & PC Week,https://www.medion.com/at/shop/lp/laptop-pc-week,23,OK,23.0,False
2026-09-09 15:18:36,Intel Produkte,https://www.medion.com/at/shop/lp/intel-produkte,30,OK,30.0,False
2026-09-09 15:18:36,Intel PC,https://www.medion.com/at/shop/lp/intel-pc,11,OK,11.0,False
2026-09-09 15:18:36,Intel Games Bundle Produkte,https://www.medion.com/at/shop/lp/intel-games-bundle-produkte,18,OK,18.0,False
2026-09-09 15:18:36,Lieferung bis Weihnachten,https://www.medion.com/at/shop/lieferung-bis-weihnachten,0,OK,377.0,True
2026-09-09 15:18:36,Lenovo Produkte,https://www.medion.com/at/shop/lenovo-produkte,4,OK,4.0,False
2026-09-09 15:18:36,Lautsprecher,https://www.medion.com/at/shop/lautsprecher,12,OK,12.0,False
2026-09-09 15:18:36,Laptop-Zubehör,https://www.medion.com/at/shop/laptops/zubehoer,5,OK,5.0,False
2026-09-09 15:18:36,SPRCHRGD Laptops,https://www.medion.com/at/shop/laptops/sprchrgd,2,OK,2.0,False
2026-09-09 15:18:36,Multimedia-Laptops,https://www.medion.com/at/shop/laptops/multimedia,11,OK,11.0,False
2026-09-09 15:18:36,KI gestützte Laptops,https://www.medion.com/at/shop/laptops/ki,3,OK,3.0,False
2026-09-09 15:18:36,Intel Core i7,https://www.medion.com/at/shop/laptops/intel-core-i7,4,OK,4.0,False
2026-09-09 15:18:36,Intel Core i5,https://www.medion.com/at/shop/laptops/intel-core-i5,2,OK,2.0,False
2026-09-09 15:18:36,Intel Core Laptops,https://www.medion.com/at/shop/laptops/intel-core,18,OK,18.0,False
2026-09-09 15:18:36,Homeoffice Laptops,https://www.medion.com/at/shop/laptops/homeoffice,12,OK,12.0,False
2026-09-09 15:18:36,Einsteiger-Laptops,https://www.medion.com/at/shop/laptops/einsteiger,1,OK,1.0,False
2026-09-09 15:18:36,Laptops Angebote,https://www.medion.com/at/shop/laptops/angebote,7,OK,7.0,False
2026-09-09 15:18:36,AMD Ryzen,https://www.medion.com/at/shop/laptops/amd-ryzen,4,OK,4.0,False
2026-09-09 15:18:36,18'' Laptops,https://www.medion.com/at/shop/laptops/18-zoll,1,OK,1.0,False
2026-09-09 15:18:36,17'' Laptops,https://www.medion.com/at/shop/laptops/17-zoll,6,OK,6.0,False
2026-09-09 15:18:36,16'' Laptops,https://www.medion.com/at/shop/laptops/16-zoll,0,OK,377.0,True
2026-09-09 15:18:36,15'' Laptops,https://www.medion.com/at/shop/laptops/15-zoll,2,OK,2.0,False
2026-09-09 15:18:36,14'' Laptops,https://www.medion.com/at/shop/laptops/14-zoll,4,OK,4.0,False
2026-09-09 15:18:36,Alle Laptops,https://www.medion.com/at/shop/laptops,12,OK,12.0,False
2026-09-09 15:18:36,Kühlen & Gefrieren,https://www.medion.com/at/shop/kuehlen-gefrieren,20,OK,20.0,False
2026-09-09 15:18:36,Küchenkleingeräte,https://www.medion.com/at/shop/kuechenkleingeraete,65,OK,65.0,False
2026-09-09 15:18:36,Reinigungsgeräte,https://www.medion.com/at/shop/kuechengeraete-reinigung,23,OK,23.0,False
2026-09-09 15:18:36,Kochen & Zubereiten,https://www.medion.com/at/shop/kuechengeraete-kochen,63,OK,63.0,False
2026-09-09 15:18:36,Frühstück,https://www.medion.com/at/shop/kuechengeraete-fruehstueck,11,OK,11.0,False
2026-09-09 15:18:36,Wasserkocher,https://www.medion.com/at/shop/kueche/wasserkocher,4,OK,4.0,False
2026-09-09 15:18:36,Toaster,https://www.medion.com/at/shop/kueche/toaster,4,OK,4.0,False
2026-09-09 15:18:36,Mini-Kühlschrank,https://www.medion.com/at/shop/kueche/mini-kuehlschraenke,4,OK,4.0,False
2026-09-09 15:18:36,Mikrowellen,https://www.medion.com/at/shop/kueche/mikrowellen,22,OK,22.0,False
2026-09-09 15:18:36,Kühlschränke,https://www.medion.com/at/shop/kueche/kuehlschraenke,8,OK,8.0,False
2026-09-09 15:18:36,Kühl- & Gefrierschränke,https://www.medion.com/at/shop/kueche/kuehl-gefrierschraenke,4,OK,4.0,False
2026-09-09 15:18:36,Küchenmaschinen,https://www.medion.com/at/shop/kueche/kuechenmaschinen,9,OK,9.0,False
2026-09-09 15:18:36,Kaffeemaschinen,https://www.medion.com/at/shop/kueche/kaffeemaschinen,3,OK,3.0,False
2026-09-09 15:18:36,Induktionskochplatten,https://www.medion.com/at/shop/kueche/induktionskochplatten,6,OK,6.0,False
2026-09-09 15:18:36,doppelkammer,https://www.medion.com/at/shop/kueche/heissluftfritteusen/doppelkammer,4,OK,4.0,False
2026-09-09 15:18:36,Heissluftfritteusen Produkte,https://www.medion.com/at/shop/kueche/heissluftfritteusen,19,OK,19.0,False
2026-09-09 15:18:36,Grills,https://www.medion.com/at/shop/kueche/grills,1,OK,1.0,False
2026-09-09 15:18:36,Gefrierschränke,https://www.medion.com/at/shop/kueche/gefrierschraenke,6,OK,6.0,False
2026-09-09 15:18:36,Eiswürfelmaschinen,https://www.medion.com/at/shop/kueche/eiswuerfelmaschinen,2,OK,2.0,False
2026-09-09 15:18:36,Brotbackautomaten,https://www.medion.com/at/shop/kueche/brotbackautomaten,2,OK,2.0,False
2026-09-09 15:18:36,Küchen-Angebote,https://www.medion.com/at/shop/kueche/angebote,31,OK,31.0,False
2026-09-09 15:18:36,Alle Küchengeräte,https://www.medion.com/at/shop/kueche/alle,89,OK,89.0,False
2026-09-09 15:18:36,Küchen-Produkte,https://www.medion.com/at/shop/kueche,89,OK,89.0,False
2026-09-09 15:18:36,Kopfhörer,https://www.medion.com/at/shop/kopfhoerer,8,OK,8.0,False
2026-09-09 15:18:36,Fitness & Gesundheit,https://www.medion.com/at/shop/koerperpflege-gesundheit,8,OK,8.0,False
2026-09-09 15:18:36,Kochen & Backen,https://www.medion.com/at/shop/kochen-backen,57,OK,57.0,False
2026-09-09 15:18:36,Klimageräte,https://www.medion.com/at/shop/klimageraete,2,OK,2.0,False
2026-09-09 15:18:36,Wecker,https://www.medion.com/at/shop/kategorie-wecker,3,OK,3.0,False
2026-09-09 15:18:36,Inventur Sale,https://www.medion.com/de/shop/inventur-sale,69,OK,69.0,False
2026-09-09 15:18:36,Internetradios,https://www.medion.com/at/shop/internetradios,7,OK,7.0,False
2026-09-09 15:18:36,Intel® Core™ Ultra Prozessoren,https://www.medion.com/at/shop/intel-core-ultra-series-2-produkte,24,OK,24.0,False
2026-09-09 15:18:36,Intel Core PCs,https://www.medion.com/at/shop/intel-core-pcs,2,OK,2.0,False
2026-09-09 15:18:36,Intel Core Gaming Laptops,https://www.medion.com/at/shop/intel-core-gaming-laptops,2,OK,2.0,False
2026-09-09 15:18:36,Intel 13 Alle,https://www.medion.com/at/shop/intel-13-alle,6,OK,6.0,False
2026-09-09 15:18:36,Hobby & Freizeit,https://www.medion.com/at/shop/hobby-und-freizeit,12,OK,12.0,False
2026-09-09 15:18:36,High End Gaming PCs,https://www.medion.com/at/shop/high-end-gaming-pc,9,OK,9.0,False
2026-09-09 15:18:36,High End Gaming Notebooks,https://www.medion.com/at/shop/high-end-gaming-notebooks,6,OK,6.0,False
2026-09-09 15:18:36,Heizen & Kühlen,https://www.medion.com/at/shop/heizen-kuehlen,9,OK,9.0,False
2026-09-09 15:18:36,Haushalt-Zubehör,https://www.medion.com/at/shop/haushalt-zubehoer,57,OK,57.0,False
2026-09-09 15:18:36,Alexa Haushalt,https://www.medion.com/at/shop/haushalt-alexa,11,OK,11.0,False
2026-09-09 15:18:36,Alle Reinigungsgeräte,https://www.medion.com/at/shop/haushalt/reinigungsgeraete,23,OK,23.0,False
2026-09-09 15:18:36,Polsterreiniger,https://www.medion.com/at/shop/haushalt/polsterreiniger,1,OK,1.0,False
2026-09-09 15:18:36,Overlock Nähmaschinen,https://www.medion.com/at/shop/haushalt/naehmaschinen/overlock,2,OK,2.0,False
2026-09-09 15:18:36,Freiarm Nähmaschinen,https://www.medion.com/at/shop/haushalt/naehmaschinen/freiarm,4,OK,4.0,False
2026-09-09 15:18:36,Digitale Nähmaschinen,https://www.medion.com/at/shop/haushalt/naehmaschinen/digital,2,OK,2.0,False
2026-09-09 15:18:36,Luftentfeuchter,https://www.medion.com/at/shop/haushalt/luftentfeuchter,3,OK,3.0,False
2026-09-09 15:18:36,Kühlboxen,https://www.medion.com/at/shop/haushalt/kuehlboxen,4,OK,4.0,False
2026-09-09 15:18:36,Haushalt- & Freizeit-Angebote,https://www.medion.com/at/shop/haushalt/angebote,25,OK,25.0,False
2026-09-09 15:18:36,Handstaubsauger,https://www.medion.com/at/shop/handstaubsauger,5,OK,5.0,False
2026-09-09 15:18:36,Haartrockner,https://www.medion.com/at/shop/haarpflege/haartrockner,2,OK,2.0,False
2026-09-09 15:18:36,Glätteisen,https://www.medion.com/at/shop/haarpflege/glaetteisen,4,OK,4.0,False
2026-09-09 15:18:36,Glättbürsten,https://www.medion.com/at/shop/haarpflege/glaettbuersten,2,OK,2.0,False
2026-09-09 15:18:36,Haarpflege,https://www.medion.com/at/shop/haarpflege,8,OK,8.0,False
2026-09-09 15:18:36,Geschirrspüler,https://www.medion.com/at/shop/geschirrspueler,2,OK,2.0,False
2026-09-09 15:18:36,Geschenke bis 400 Euro,https://www.medion.com/at/shop/geschenke-bis-400-euro,63,OK,63.0,False
2026-09-09 15:18:36,Geschenke bis 250€,https://www.medion.com/at/shop/geschenke-bis-250-euro,156,OK,156.0,False
2026-09-09 15:18:36,Geschenke bis 100€,https://www.medion.com/at/shop/geschenke-bis-100-euro,161,OK,161.0,False
2026-09-09 15:18:36,Geschenke ab 400 Euro,https://www.medion.com/at/shop/geschenke-ab-400-euro,50,OK,50.0,False
2026-09-09 15:18:36,Garten Angebote,https://www.medion.com/at/shop/garten-angebote,17,OK,17.0,False
2026-09-09 15:18:36,Garantierte Lieferung,https://www.medion.com/at/shop/garantierte-lieferung,0,OK,377.0,True
2026-09-09 15:18:36,Gaming-Zubehör,https://www.medion.com/at/shop/gaming-zubehoer,3,OK,3.0,False
2026-09-09 15:18:36,Gaming-Monitore,https://www.medion.com/at/shop/gaming-monitore,3,OK,3.0,False
2026-09-09 15:18:36,Slush Eis Maschine,https://www.medion.com/de/shop/kueche/slush-eis-maschine,6,OK,6.0,False
2026-09-09 15:18:36,Alle Gaming Produkte,https://www.medion.com/at/shop/gaming-alle,36,OK,36.0,False
2026-09-09 15:18:36,Gaming-Laptops,https://www.medion.com/at/shop/gaming/laptop,14,OK,14.0,False
2026-09-09 15:18:36,Gaming Angebote,https://www.medion.com/at/shop/gaming/angebote,13,OK,13.0,False
2026-09-09 15:18:36,Frühjahrsputz,https://www.medion.com/at/shop/fruehjahrsputz,23,OK,23.0,False
2026-09-09 15:18:36,weitere Modelle,https://www.medion.com/at/shop/fm-radios,17,OK,17.0,False
2026-09-09 15:18:36,Festival,https://www.medion.com/at/shop/festival,27,OK,27.0,False
2026-09-09 15:18:36,Heimkinosystem,https://www.medion.com/at/shop/entertainment,4,OK,4.0,False
2026-09-09 15:18:36,Eismaschinen,https://www.medion.com/at/shop/eismaschinen,6,OK,6.0,False
2026-09-09 15:18:36,Einsteiger PC,https://www.medion.com/at/shop/einsteiger-pc,1,OK,1.0,False
2026-09-09 15:18:36,Drucker & Patronen,https://www.medion.com/at/shop/drucker,2,OK,2.0,False
2026-09-09 15:18:36,Desktop-PCs,https://www.medion.com/at/shop/desktop-pcs,1,OK,1.0,False
2026-09-09 15:18:36,DAB Radios,https://www.medion.com/at/shop/dab-radios,23,OK,23.0,False
2026-09-09 15:18:36,Core Gaming PCs,https://www.medion.com/at/shop/core-gaming-pc,7,OK,7.0,False
2026-09-09 15:18:36,Core Gaming Notebooks,https://www.medion.com/at/shop/core-gaming-notebooks,8,OK,8.0,False
2026-09-09 15:18:36,PC-Zubehör,https://www.medion.com/at/shop/computer-zubehoer,6,OK,6.0,False
2026-09-09 15:18:36,Camping,https://www.medion.com/at/shop/camping,30,OK,30.0,False
2026-09-09 15:18:36,Back to Uni Tablet,https://www.medion.com/at/shop/btu-tablets,2,OK,2.0,False
2026-09-09 15:18:36,Back to Uni Radio,https://www.medion.com/at/shop/btu-radios,34,OK,34.0,False
2026-09-09 15:18:36,Back to Uni Frühstück,https://www.medion.com/at/shop/btu-fruehstuecken,10,OK,10.0,False
2026-09-09 15:18:36,Back to Uni Freizeit,https://www.medion.com/at/shop/btu-freizeit,43,OK,43.0,False
2026-09-09 15:18:36,Bodenreiniger,https://www.medion.com/at/shop/bodenreiniger,2,OK,2.0,False
2026-09-09 15:18:36,Bluetooth Lautsprecher,https://www.medion.com/at/shop/bluetooth-lautsprecher,12,OK,12.0,False
2026-09-09 15:18:36,Back to School,https://www.medion.com/at/shop/back-to-school,23,OK,23.0,False
2026-09-09 15:18:36,Alle Audio Produkte,https://www.medion.com/at/shop/audio-alle,65,OK,65.0,False
2026-09-09 15:18:36,Bluetooth-Kopfhörer,https://www.medion.com/at/shop/audio/bluetooth-kopfhoerer,0,OK,377.0,True
2026-09-09 15:18:36,Audio Angebote,https://www.medion.com/at/shop/audio/angebote,22,OK,22.0,False
2026-09-09 15:18:36,Angebote bei MEDION,https://www.medion.com/at/shop/angebote,114,OK,114.0,False
2026-09-09 15:18:36,All-in-One-PCs,https://www.medion.com/at/shop/all-in-one-pc,2,OK,2.0,False
2026-09-09 15:18:36,Alle PCs,https://www.medion.com/at/shop/alle-pcs,9,OK,9.0,False
2026-09-09 15:18:36,Alexa,https://www.medion.com/at/shop/alexa,11,OK,11.0,False
2026-09-09 15:18:36,Akoya PCs,https://www.medion.com/at/shop/akoya-pcs,1,OK,1.0,False
2026-09-09 15:18:36,Akku-Stielstaubsauger,https://www.medion.com/at/shop/akku-stielstaubsauger,8,OK,8.0,False
2026-09-09 15:18:36,Blue Days,https://www.medion.com/at/shop/blue-days,,NOT_FOUND,,False
2026-09-09 15:18:36,Weekend-Sale,https://www.medion.com/at/shop/weekend-sale,,NOT_FOUND,,False
2026-09-09 15:18:36,Blue Days,https://www.medion.com/de/shop/blue-days,,NOT_FOUND,,False
2026-09-09 15:18:36,Gaming Days,https://www.medion.com/de/shop/gaming-days,,NOT_FOUND,,False
2026-09-09 15:18:36,Weekend Sale,https://www.medion.com/de/shop/weekend-sale,,NOT_FOUND,,False
2026-09-09 16:30:18,Zyklon Staubsauger,https://www.medion.com/de/shop/zyklon-staubsauger,5,OK,5.0,False
2026-09-09 16:30:18,Work from Home PCs,https://www.medion.com/de/shop/work-from-home-pcs,9,OK,9.0,False
2026-09-09 16:30:18,work-from-home-alle,https://www.medion.com/de/shop/work-from-home-alle,19,OK,19.0,False
2026-09-09 16:30:18,Saugroboter Alexa,https://www.medion.com/de/shop/alexa-saugroboter,8,OK,8.0,False
2026-09-09 16:30:18,Saugroboter Alexa,https://www.medion.com/at/shop/alexa-saugroboter,8,OK,8.0,False
2026-09-09 16:30:18,Windows Update,https://www.medion.com/de/shop/windows-update,51,OK,51.0,False
2026-09-09 16:30:18,Versandkostenfrei,https://www.medion.com/de/shop/versandkostenfrei,303,OK,303.0,False
2026-09-09 16:30:18,Ventilatoren & KlimagerÃ¤te,https://www.medion.com/de/shop/ventilatoren-klimageraete,5,OK,5.0,False
2026-09-09 16:30:18,Ventilatoren,https://www.medion.com/de/shop/ventilatoren,4,OK,4.0,False
2026-09-09 16:30:18,Vidaa TVs,https://www.medion.com/de/shop/tv/vidaa,23,OK,23.0,False
2026-09-09 16:30:18,TiVo TVs,https://www.medion.com/de/shop/tv/tivo,4,OK,4.0,False
2026-09-09 16:30:18,TV-Soundbars,https://www.medion.com/de/shop/tv/soundbars,4,OK,4.0,False
2026-09-09 16:30:18,Smart TV,https://www.medion.com/de/shop/tv/smart-tv,32,OK,32.0,False
2026-09-09 16:30:18,QLED TVs,https://www.medion.com/de/shop/tv/qled,13,OK,13.0,False
2026-09-09 16:30:18,Premium-TVs,https://www.medion.com/de/shop/tv/premium,13,OK,13.0,False
2026-09-09 16:30:18,OLED TVs,https://www.medion.com/de/shop/tv/oled,2,OK,2.0,False
2026-09-09 16:30:18,TVs mit Soundbar,https://www.medion.com/de/shop/tv/mit-soundbar,62,OK,62.0,False
2026-09-09 16:30:18,Mini LED Tvs,https://www.medion.com/de/shop/tv/mini-led,2,OK,2.0,False
2026-09-09 16:30:18,Mobilen TVs,https://www.medion.com/de/shop/tv/mini,1,OK,1.0,False
2026-09-09 16:30:18,TV Kaufberater Micro Dimming,https://www.medion.com/de/shop/tv/micro-dimming,11,OK,11.0,False
2026-09-09 16:30:18,TV HDR,https://www.medion.com/de/shop/tv/hdr,48,OK,48.0,False
2026-09-09 16:30:18,HD TVs,https://www.medion.com/de/shop/tv/hd,5,OK,5.0,False
2026-09-09 16:30:18,Fire TVs,https://www.medion.com/de/shop/tv/fire-tv,0,OK,414.0,True
2026-09-09 16:30:18,FHD TVs,https://www.medion.com/de/shop/tv/fhd,17,OK,17.0,False
2026-09-09 16:30:18,Einsteiger,https://www.medion.com/de/shop/tv/einsteiger,6,OK,6.0,False
2026-09-09 16:30:18,TV Dolby Vision,https://www.medion.com/de/shop/tv/dolby-vision,31,OK,31.0,False
2026-09-09 16:30:18,bis ca. 80 cm (32''),https://www.medion.com/de/shop/tv/bis-32-zoll,10,OK,10.0,False
2026-09-09 16:30:18,Angebote TV,https://www.medion.com/de/shop/tv/angebote,25,OK,25.0,False
2026-09-09 16:30:18,Android TVs,https://www.medion.com/de/shop/tv/android-tv,8,OK,8.0,False
2026-09-09 16:30:18,ab ca. 139 cm (55â ),https://www.medion.com/de/shop/tv/ab-55-zoll,22,OK,22.0,False
2026-09-09 16:30:18,4K UHD TVs,https://www.medion.com/de/shop/tv/4k-uhd,36,OK,36.0,False
2026-09-09 16:30:18,ca. 98 cm - 126 cm (39â bis 50â),https://www.medion.com/de/shop/tv/39-bis-50-zoll,26,OK,26.0,False
2026-09-09 16:30:18,Alle TVs,https://www.medion.com/de/shop/tv,58,OK,58.0,False
2026-09-09 16:30:18,Turmventilatoren,https://www.medion.com/de/shop/turmventilatoren,0,OK,414.0,True
2026-09-09 16:30:18,Topseller,https://www.medion.com/de/shop/topseller,19,OK,19.0,False
2026-09-09 16:30:18,Alle Tablets,https://www.medion.com/de/shop/tablets-alle,2,OK,2.0,False
2026-09-09 16:30:18,Staubsauger,https://www.medion.com/de/shop/staubsauger-alle,10,OK,10.0,False
2026-09-09 16:30:18,Sportliche Angebote,https://www.medion.com/de/shop/sportliche-angebote,25,OK,25.0,False
2026-09-09 16:30:18,Sommer Angebote,https://www.medion.com/de/shop/sommer-angebote,52,OK,52.0,False
2026-09-09 16:30:18,Smarte Produkte alle,https://www.medion.com/de/shop/smarte-produkte-alle,3,OK,3.0,False
2026-09-09 16:30:18,Poolroboter,https://www.medion.com/de/shop/haushalt/poolroboter,1,OK,1.0,False
2026-09-09 16:30:18,Alle Laptops,https://www.medion.com/de/shop/searchpages/alle-laptops,27,OK,27.0,False
2026-09-09 16:30:18,Poolroboter,https://www.medion.com/at/shop/haushalt/poolroboter,1,OK,1.0,False
2026-09-09 16:30:18,Saugroboter S-Serie,https://www.medion.com/at/shop/saugroboter-s-serie,7,OK,7.0,False
2026-09-09 16:30:18,RÃ¼ckgaberecht,https://www.medion.com/de/shop/rueckgaberecht,0,OK,414.0,True
2026-09-09 16:30:18,PC-ZubehÃ¶r,https://www.medion.com/de/shop/pc/zubehoer,6,OK,6.0,False
2026-09-09 16:30:18,MÃ¤use und Tastaturen,https://www.medion.com/de/shop/pc/tastatur-maus,2,OK,2.0,False
2026-09-09 16:30:18,Monitore,https://www.medion.com/de/shop/pc/monitor,4,OK,4.0,False
2026-09-09 16:30:18,Mini PCs,https://www.medion.com/de/shop/pc/mini,6,OK,6.0,False
2026-09-09 16:30:18,Drucker,https://www.medion.com/de/shop/pc/drucker,2,OK,2.0,False
2026-09-09 16:30:18,Desktop-PCs,https://www.medion.com/de/shop/pc/desktop,1,OK,1.0,False
2026-09-09 16:30:18,Angebote PC & Monitore,https://www.medion.com/de/shop/pc/angebote,6,OK,6.0,False
2026-09-09 16:30:18,All-in-One-PCs,https://www.medion.com/de/shop/pc/all-in-one,2,OK,2.0,False
2026-09-09 16:30:18,Alle PCs,https://www.medion.com/de/shop/pc/alle,9,OK,9.0,False
2026-09-09 16:30:18,Paypal null Prozent Finanzierung,https://www.medion.com/de/shop/paypal-null-prozent-finanzierung,205,OK,205.0,False
2026-09-09 16:30:18,Party,https://www.medion.com/de/shop/party,12,OK,12.0,False
2026-09-09 16:30:18,Nvidia 50er Serie Produkte,https://www.medion.com/de/shop/nvidia-rtx-serie-50,21,OK,21.0,False
2026-09-09 16:30:18,NVIDIA RTX Produkte,https://www.medion.com/de/shop/nvidia-rtx-produkte,31,OK,31.0,False
2026-09-09 16:30:18,NVIDIA RTX Laptops,https://www.medion.com/de/shop/nvidia-rtx-laptops,15,OK,15.0,False
2026-09-09 16:30:18,Nvidia rtx,https://www.medion.com/de/shop/nvidia-rtx,31,OK,31.0,False
2026-09-09 16:30:18,NVIDIA PC,https://www.medion.com/de/shop/nvidia-pc,16,OK,16.0,False
2026-09-09 16:30:18,Neuheiten,https://www.medion.com/de/shop/neuheiten,18,OK,18.0,False
2026-09-09 16:30:18,Multimedia-PC,https://www.medion.com/de/shop/multimedia-pc,7,OK,7.0,False
2026-09-09 16:30:18,Monitor-Angebote,https://www.medion.com/de/shop/monitore/angebote,6,OK,6.0,False
2026-09-09 16:30:18,Microsoft Jumpstart Gaming,https://www.medion.com/de/shop/microsoft-jumpstart-gaming,31,OK,31.0,False
2026-09-09 16:30:18,Microsoft Jumpstart,https://www.medion.com/de/shop/microsoft-jumpstart,52,OK,52.0,False
2026-09-09 16:30:18,Luftreiniger Alle,https://www.medion.com/de/shop/luftreiniger-alle,0,OK,414.0,True
2026-09-09 16:30:18,TV-Aktion,https://www.medion.com/de/shop/lp/tv-aktion,15,OK,15.0,False
2026-09-09 16:30:18,Laptop & PC Week,https://www.medion.com/de/shop/lp/laptop-pc-week,23,OK,23.0,False
2026-09-09 16:30:18,Intel Produkte,https://www.medion.com/de/shop/lp/intel-produkte,31,OK,31.0,False
2026-09-09 16:30:18,Intel PC,https://www.medion.com/de/shop/lp/intel-pc,11,OK,11.0,False
2026-09-09 16:30:18,Intel Games Bundle Produkte,https://www.medion.com/de/shop/lp/intel-games-bundle-produkte,19,OK,19.0,False
2026-09-09 16:30:18,Defender 17 P10,https://www.medion.com/de/shop/lp/erazer/defender-17-p10,3,OK,3.0,False
2026-09-09 16:30:18,Beast 16 X10,https://www.medion.com/de/shop/lp/erazer/beast-16-x10,4,OK,4.0,False
2026-09-09 16:30:18,Lieferung bis Weihnachten,https://www.medion.com/de/shop/lieferung-bis-weihnachten,0,OK,414.0,True
2026-09-09 16:30:18,Lenovo Produkte,https://www.medion.com/de/shop/lenovo-produkte,4,OK,4.0,False
2026-09-09 16:30:18,Laptop-ZubehÃ¶r,https://www.medion.com/de/shop/laptops/zubehoer,5,OK,5.0,False
2026-09-09 16:30:18,Sprchrgd Laptops,https://www.medion.com/de/shop/laptops/sprchrgd,2,OK,2.0,False
2026-09-09 16:30:18,Multimedia-Laptops,https://www.medion.com/de/shop/laptops/multimedia,11,OK,11.0,False
2026-09-09 16:30:18,KI gestÃ¼tzte Laptops,https://www.medion.com/de/shop/laptops/ki,3,OK,3.0,False
2026-09-09 16:30:18,Intel Core i7,https://www.medion.com/de/shop/laptops/intel-core-i7,4,OK,4.0,False
2026-09-09 16:30:18,Intel Core i5,https://www.medion.com/de/shop/laptops/intel-core-i5,2,OK,2.0,False
2026-09-09 16:30:18,Intel Core Laptops,https://www.medion.com/de/shop/laptops/intel-core,19,OK,19.0,False
2026-09-09 16:30:18,Homeoffice Laptops,https://www.medion.com/de/shop/laptops/homeoffice,12,OK,12.0,False
2026-09-09 16:30:18,Einsteiger-Laptops,https://www.medion.com/de/shop/laptops/einsteiger,1,OK,1.0,False
2026-09-09 16:30:18,Laptops Angebote,https://www.medion.com/de/shop/laptops/angebote,9,OK,9.0,False
2026-09-09 16:30:18,AMD Ryzen,https://www.medion.com/de/shop/laptops/amd-ryzen,4,OK,4.0,False
2026-09-09 16:30:18,18'' Laptops,https://www.medion.com/de/shop/laptops/18-zoll,1,OK,1.0,False
2026-09-09 16:30:18,17'' Laptops,https://www.medion.com/de/shop/laptops/17-zoll,6,OK,6.0,False
2026-09-09 16:30:18,16'' Laptops,https://www.medion.com/de/shop/laptops/16-zoll,0,OK,414.0,True
2026-09-09 16:30:18,15'' Laptops,https://www.medion.com/de/shop/laptops/15-zoll,2,OK,2.0,False
2026-09-09 16:30:18,14'' Laptops,https://www.medion.com/de/shop/laptops/14-zoll,4,OK,4.0,False
2026-09-09 16:30:18,Alle Laptops,https://www.medion.com/de/shop/laptops,12,OK,12.0,False
2026-09-09 16:30:18,ReinigungsgerÃ¤te,https://www.medion.com/de/shop/kuechengeraete-reinigung,30,OK,30.0,False
2026-09-09 16:30:18,FrÃ¼hstÃ¼ck,https://www.medion.com/de/shop/kuechengeraete-fruehstueck,11,OK,11.0,False
2026-09-09 16:30:18,Wasserkocher,https://www.medion.com/de/shop/kueche/wasserkocher,4,OK,4.0,False
2026-09-09 16:30:18,Toaster,https://www.medion.com/de/shop/kueche/toaster,4,OK,4.0,False
2026-09-09 16:30:18,Gaming Days,https://www.medion.com/at/shop/gaming-days,,NOT_FOUND,,False
2026-09-09 16:30:18,Mini KÃ¼hlschrank,https://www.medion.com/de/shop/kueche/mini-kuehlschraenke,4,OK,4.0,False
2026-09-09 16:30:18,Mikrowellen,https://www.medion.com/de/shop/kueche/mikrowellen,22,OK,22.0,False
2026-09-09 16:30:18,KÃ¼hlschrÃ¤nke,https://www.medion.com/de/shop/kueche/kuehlschraenke,10,OK,10.0,False
2026-09-09 16:30:18,KÃ¼hl- & GefrierschrÃ¤nke,https://www.medion.com/de/shop/kueche/kuehl-gefrierschraenke,8,OK,8.0,False
2026-09-09 16:30:18,KÃ¼hlen & Gefrieren,https://www.medion.com/de/shop/kueche/kuehlen-gefrieren,26,OK,26.0,False
2026-09-09 16:30:18,KÃ¼hlboxen,https://www.medion.com/de/shop/kueche/kuehlboxen,4,OK,4.0,False
2026-09-09 16:30:18,KÃ¼chenmaschinen,https://www.medion.com/de/shop/kueche/kuechenmaschinen,9,OK,9.0,False
2026-09-09 16:30:18,KÃ¼chenkleingerÃ¤te,https://www.medion.com/de/shop/kueche/kuechenkleingeraete,65,OK,65.0,False
2026-09-09 16:30:18,Kochen & Zubereiten,https://www.medion.com/de/shop/kueche/kuechengeraete-kochen,63,OK,63.0,False
2026-09-09 16:30:18,Kaffeemaschinen,https://www.medion.com/de/shop/kueche/kaffeemaschinen,3,OK,3.0,False
2026-09-09 16:30:18,Induktionskochplatten,https://www.medion.com/de/shop/kueche/induktionskochplatten,6,OK,6.0,False
2026-09-09 16:30:18,HeiÃluftfritteuse mit zwei Kammern,https://www.medion.com/de/shop/kueche/heissluftfritteusen/doppelkammer,4,OK,4.0,False
2026-09-09 16:30:18,Alle Heissluftfritteusen,https://www.medion.com/de/shop/kueche/heissluftfritteusen,19,OK,19.0,False
2026-09-09 16:30:18,Grills,https://www.medion.com/de/shop/kueche/grills,1,OK,1.0,False
2026-09-09 16:30:18,GeschirrspÃ¼ler,https://www.medion.com/de/shop/kueche/geschirrspueler,9,OK,9.0,False
2026-09-09 16:30:18,GefrierschrÃ¤nke,https://www.medion.com/de/shop/kueche/gefrierschraenke,8,OK,8.0,False
2026-09-09 16:30:18,EiswÃ¼rfelmaschinen,https://www.medion.com/de/shop/kueche/eiswuerfelmaschinen,2,OK,2.0,False
2026-09-09 16:30:18,Eismaschinen,https://www.medion.com/de/shop/kueche/eismaschine,6,OK,6.0,False
2026-09-09 16:30:18,Brotbackautomaten,https://www.medion.com/de/shop/kueche/brotbackautomaten,2,OK,2.0,False
2026-09-09 16:30:18,KÃ¼chen-Angebote,https://www.medion.com/de/shop/kueche/angebote,35,OK,35.0,False
2026-09-09 16:30:18,Alle KÃ¼chengerÃ¤te,https://www.medion.com/de/shop/kueche/alle,65,OK,65.0,False
2026-09-09 16:30:18,Fitness & Gesundheit,https://www.medion.com/de/shop/koerperpflege-gesundheit,8,OK,8.0,False
2026-09-09 16:30:18,Kochen & Backen,https://www.medion.com/de/shop/kochen-backen,57,OK,57.0,False
2026-09-09 16:30:18,KlimagerÃ¤te,https://www.medion.com/de/shop/klimageraete,2,OK,2.0,False
2026-09-09 16:30:18,Kabelloses GlÃ¤tteisen HS2,https://www.medion.com/de/shop/kabelloses-glaetteisen-hs2,2,OK,2.0,False
2026-09-09 16:30:18,Inventur Sale,https://www.medion.com/at/shop/inventur-sale,65,OK,65.0,False
2026-09-09 16:30:18,Internetradios,https://www.medion.com/de/shop/internetradios,7,OK,7.0,False
2026-09-09 16:30:18,IntelÂ® Coreâ¢ Ultra Prozessoren,https://www.medion.com/de/shop/intel-core-ultra-series-2-produkte,25,OK,25.0,False
2026-09-09 16:30:18,Intel Core PCs,https://www.medion.com/de/shop/intel-core-pcs,2,OK,2.0,False
2026-09-09 16:30:18,Intel Core Gaming Laptops,https://www.medion.com/de/shop/intel-core-gaming-laptops,2,OK,2.0,False
2026-09-09 16:30:18,Intel 13 Alle,https://www.medion.com/de/shop/intel-13-alle,6,OK,6.0,False
2026-09-09 16:30:18,Hobby & Freizeit,https://www.medion.com/de/shop/hobby-und-freizeit,12,OK,12.0,False
2026-09-09 16:30:18,High End Gaming PCs,https://www.medion.com/de/shop/high-end-gaming-pc,9,OK,9.0,False
2026-09-09 16:30:18,High End Gaming Notebooks,https://www.medion.com/de/shop/high-end-gaming-notebooks,7,OK,7.0,False
2026-09-09 16:30:18,Heizen & KÃ¼hlen,https://www.medion.com/de/shop/heizen-kuehlen,9,OK,9.0,False
2026-09-09 16:30:18,Haushalt-ZubehÃ¶r,https://www.medion.com/de/shop/haushalt-zubehoer,58,OK,58.0,False
2026-09-09 16:30:18,Alexa Haushalt,https://www.medion.com/de/shop/haushalt-alexa,11,OK,11.0,False
2026-09-09 16:30:18,zubehoer-p400-p350,https://www.medion.com/de/shop/haushalt/stielstaubsauger/zubehoer-p400-p350,4,OK,4.0,False
2026-09-09 16:30:18,Alle ReinigungsgerÃ¤te,https://www.medion.com/de/shop/haushalt/reinigungsgeraete,30,OK,30.0,False
2026-09-09 16:30:18,Polsterreiniger,https://www.medion.com/de/shop/haushalt/polsterreiniger,1,OK,1.0,False
2026-09-09 16:30:18,Overlock NÃ¤hmaschinen,https://www.medion.com/de/shop/haushalt/naehmaschinen/overlock,2,OK,2.0,False
2026-09-09 16:30:18,Freiarm NÃ¤hmaschinen,https://www.medion.com/de/shop/haushalt/naehmaschinen/freiarm,4,OK,4.0,False
2026-09-09 16:30:18,Digitale NÃ¤hmaschinen,https://www.medion.com/de/shop/haushalt/naehmaschinen/digital,2,OK,2.0,False
2026-09-09 16:30:18,NÃ¤hmaschinen,https://www.medion.com/de/shop/haushalt/naehmaschinen,11,OK,11.0,False
2026-09-09 16:30:18,luftentfeuchter,https://www.medion.com/de/shop/haushalt/heizen-kuehlen/luftentfeuchter,3,OK,3.0,False
2026-09-09 16:30:18,Alle Haushalt- und Freizeit-Produkte,https://www.medion.com/de/shop/haushalt/alle,60,OK,60.0,False
2026-09-09 16:30:18,Haushalt- & Freizeit-Angebote,https://www.medion.com/de/shop/haushalt/angebote,27,OK,27.0,False
2026-09-09 16:30:18,Alle Haushalt- und Freizeit-Produkte,https://www.medion.com/at/shop/haushalt-freizeit-alle,53,OK,53.0,False
2026-09-09 16:30:18,Handstaubsauger,https://www.medion.com/de/shop/handstaubsauger,5,OK,5.0,False
2026-09-09 16:30:18,Haartrockner LIFE HD2,https://www.medion.com/de/shop/haartrockner-life-hd2,2,OK,2.0,False
2026-09-09 16:30:18,Haartrockner,https://www.medion.com/de/shop/haarpflege/haartrockner,2,OK,2.0,False
2026-09-09 16:30:18,GlÃ¤tteisen,https://www.medion.com/de/shop/haarpflege/glaetteisen,4,OK,4.0,False
2026-09-09 16:30:18,GlÃ¤ttbÃ¼rsten,https://www.medion.com/de/shop/haarpflege/glaettbuersten,2,OK,2.0,False
2026-09-09 16:30:18,Haarpflege,https://www.medion.com/de/shop/haarpflege,8,OK,8.0,False
2026-09-09 16:30:18,GlÃ¤tteisen LIFE HS1,https://www.medion.com/de/shop/glaetteisen-life-hs1,2,OK,2.0,False
2026-09-09 16:30:18,Geschenke bis 400 Euro,https://www.medion.com/de/shop/geschenke-bis-400-euro,87,OK,87.0,False
2026-09-09 16:30:18,Geschenke bis 250â¬,https://www.medion.com/de/shop/geschenke-bis-250-euro,168,OK,168.0,False
2026-09-09 16:30:18,Geschenke bis 100â¬,https://www.medion.com/de/shop/geschenke-bis-100-euro,161,OK,161.0,False
2026-09-09 16:30:18,Geschenke ab 400 Euro,https://www.medion.com/de/shop/geschenke-ab-400-euro,63,OK,63.0,False
2026-09-09 16:30:18,Garten Angebote,https://www.medion.com/de/shop/garten-angebote,17,OK,17.0,False
2026-09-09 16:30:18,Slush Eis Maschine,https://www.medion.com/at/shop/kueche/slush-eis-maschine,6,OK,6.0,False
2026-09-09 16:30:18,Gaming-ZubehÃ¶r,https://www.medion.com/de/shop/gaming/zubehoer,3,OK,3.0,False
2026-09-09 16:30:18,Gaming-PCs,https://www.medion.com/de/shop/gaming/pc,16,OK,16.0,False
2026-09-09 16:30:18,Gaming-Monitore,https://www.medion.com/de/shop/gaming/monitor,3,OK,3.0,False
2026-09-09 16:30:18,Gaming-Laptops,https://www.medion.com/de/shop/gaming/laptop,15,OK,15.0,False
2026-09-09 16:30:18,Angebote Gaming,https://www.medion.com/de/shop/gaming/angebote,14,OK,14.0,False
2026-09-09 16:30:18,Alle Gaming Produkte,https://www.medion.com/de/shop/gaming/alle,37,OK,37.0,False
2026-09-09 16:30:18,FrÃ¼hjahrsputz,https://www.medion.com/de/shop/fruehjahrsputz,30,OK,30.0,False
2026-09-09 16:30:18,weitere Modelle,https://www.medion.com/de/shop/fm-radios,17,OK,17.0,False
2026-09-09 16:30:18,Festival,https://www.medion.com/de/shop/festival,27,OK,27.0,False
2026-09-09 16:30:18,Heimkinosystem,https://www.medion.com/de/shop/entertainment,4,OK,4.0,False
2026-09-09 16:30:18,Einsteiger PC,https://www.medion.com/de/shop/einsteiger-pc,1,OK,1.0,False
2026-09-09 16:30:18,DAB Radios,https://www.medion.com/de/shop/dab-radios,10,OK,10.0,False
2026-09-09 16:30:18,Core Gaming PCs,https://www.medion.com/de/shop/core-gaming-pc,7,OK,7.0,False
2026-09-09 16:30:18,Core Gaming Notebooks,https://www.medion.com/de/shop/core-gaming-notebooks,8,OK,8.0,False
2026-09-09 16:30:18,Camping,https://www.medion.com/de/shop/camping,35,OK,35.0,False
2026-09-09 16:30:18,Back to Uni Tablet,https://www.medion.com/de/shop/btu-tablets,2,OK,2.0,False
2026-09-09 16:30:18,Back to Uni Radio,https://www.medion.com/de/shop/btu-radios,34,OK,34.0,False
2026-09-09 16:30:18,Back to Uni FrÃ¼hstÃ¼ck,https://www.medion.com/de/shop/btu-fruehstuecken,10,OK,10.0,False
2026-09-09 16:30:18,Back to Uni Freizeit,https://www.medion.com/de/shop/btu-freizeit,43,OK,43.0,False
2026-09-09 16:30:18,Bodenreiniger,https://www.medion.com/de/shop/bodenreiniger,2,OK,2.0,False
2026-09-09 16:30:18,Bluetooth Lautsprecher,https://www.medion.com/de/shop/bluetooth-lautsprecher,12,OK,12.0,False
2026-09-09 16:30:18,Back to School,https://www.medion.com/de/shop/back-to-school,23,OK,23.0,False
2026-09-09 16:30:18,Wecker,https://www.medion.com/de/shop/audio/wecker,3,OK,3.0,False
2026-09-09 16:30:18,Radios,https://www.medion.com/de/shop/audio/radio,34,OK,34.0,False
2026-09-09 16:30:18,Partylautsprecher,https://www.medion.com/de/shop/audio/partylautsprecher,12,OK,12.0,False
2026-09-09 16:30:18,Audio-Systeme,https://www.medion.com/de/shop/audio/musikanlagen,12,OK,12.0,False
2026-09-09 16:30:18,Lautsprecher,https://www.medion.com/de/shop/audio/lautsprecher,12,OK,12.0,False
2026-09-09 16:30:18,KÃ¼chen-unterbauradio,https://www.medion.com/de/shop/audio/kuechenunterbauradios,3,OK,3.0,False
2026-09-09 16:30:18,KopfhÃ¶rer,https://www.medion.com/de/shop/audio/kopfhoerer,8,OK,8.0,False
2026-09-09 16:30:18,Boomboxen,https://www.medion.com/de/shop/audio/boomboxen,12,OK,12.0,False
2026-09-09 16:30:18,Bluetooth KopfhÃ¶rer,https://www.medion.com/de/shop/audio/bluetooth-kopfhoerer,6,OK,6.0,False
2026-09-09 16:30:18,Baustellenradio,https://www.medion.com/de/shop/audio/baustellenradio,4,OK,4.0,False
2026-09-09 16:30:18,Angebote Audio,https://www.medion.com/de/shop/audio/angebote,22,OK,22.0,False
2026-09-09 16:30:18,Alle Audio Produkte,https://www.medion.com/de/shop/audio/alle,65,OK,65.0,False
2026-09-09 16:30:18,Angebote bei MEDION,https://www.medion.com/de/shop/angebote,126,OK,126.0,False
2026-09-09 16:30:18,Alexa,https://www.medion.com/de/shop/alexa,11,OK,11.0,False
2026-09-09 16:30:18,Akoya PCs,https://www.medion.com/de/shop/akoya-pcs,1,OK,1.0,False
2026-09-09 16:30:18,Akku-Stielstaubsauger,https://www.medion.com/de/shop/akku-stielstaubsauger,8,OK,8.0,False
2026-09-09 16:30:18,Zyklon Staubsauger,https://www.medion.com/at/shop/zyklon-staubsauger,5,OK,5.0,False
2026-09-09 16:30:18,Work from Home PCs,https://www.medion.com/at/shop/work-from-home-pcs,9,OK,9.0,False
2026-09-09 16:30:18,work-from-home-alle,https://www.medion.com/at/shop/work-from-home-alle,19,OK,19.0,False
2026-09-09 16:30:18,Saugroboter,https://www.medion.com/de/shop/saugroboter/saugroboter-wischroboter,9,OK,9.0,False
2026-09-09 16:30:18,Saugroboter,https://www.medion.com/at/shop/saugroboter-wischroboter,9,OK,9.0,False
2026-09-09 16:30:18,Windows Update,https://www.medion.com/at/shop/windows-update,50,OK,50.0,False
2026-09-09 16:30:18,Versandkostenfrei,https://www.medion.com/at/shop/versandkostenfrei,268,OK,268.0,False
2026-09-09 16:30:18,Ventilatoren & KlimagerÃ¤te,https://www.medion.com/at/shop/ventilatoren-klimageraete,5,OK,5.0,False
2026-09-09 16:30:18,Ventilatoren,https://www.medion.com/at/shop/ventilatoren,4,OK,4.0,False
2026-09-09 16:30:18,TV Kaufberater AuflÃ¶sungen,https://www.medion.com/at/shop/tv-hd-fhd-uhd,0,OK,377.0,True
2026-09-09 16:30:18,TV Kaufberater Hintergrundbeleuchtung,https://www.medion.com/at/shop/tv-edge-led-direct-led,0,OK,377.0,True
2026-09-09 16:30:18,Vidaa TVs,https://www.medion.com/at/shop/tv/vidaa,14,OK,14.0,False
2026-09-09 16:30:18,TV-Soundbars,https://www.medion.com/at/shop/tv/soundbars,4,OK,4.0,False
2026-09-09 16:30:18,Smart TV,https://www.medion.com/at/shop/tv/smart-tv,16,OK,16.0,False
2026-09-09 16:30:18,QLED TVs,https://www.medion.com/at/shop/tv/qled,6,OK,6.0,False
2026-09-09 16:30:18,Premium-TVs,https://www.medion.com/at/shop/tv/premium,4,OK,4.0,False
2026-09-09 16:30:18,OLED TVs,https://www.medion.com/at/shop/tv/oled,0,OK,377.0,True
2026-09-09 16:30:18,TVs mit Soundbar,https://www.medion.com/at/shop/tv/mit-soundbar,40,OK,40.0,False
2026-09-09 16:30:18,Mobilen TVs,https://www.medion.com/at/shop/tv/mini,1,OK,1.0,False
2026-09-09 16:30:18,TV Kaufberater Micro Dimming,https://www.medion.com/at/shop/tv/micro-dimming,6,OK,6.0,False
2026-09-09 16:30:18,TV HDR,https://www.medion.com/at/shop/tv/hdr,26,OK,26.0,False
2026-09-09 16:30:18,HD TVs,https://www.medion.com/at/shop/tv/hd,5,OK,5.0,False
2026-09-09 16:30:18,Fire TVs,https://www.medion.com/at/shop/tv/fire-tv,0,OK,377.0,True
2026-09-09 16:30:18,FHD TVs,https://www.medion.com/at/shop/tv/fhd,17,OK,17.0,False
2026-09-09 16:30:18,Einsteiger,https://www.medion.com/at/shop/tv/einsteiger,6,OK,6.0,False
2026-09-09 16:30:18,TV Dolby Vision,https://www.medion.com/at/shop/tv/dolby-vision,12,OK,12.0,False
2026-09-09 16:30:18,bis ca. 80 cm (32''),https://www.medion.com/at/shop/tv/bis-32-zoll,10,OK,10.0,False
2026-09-09 16:30:18,TV Angebote,https://www.medion.com/at/shop/tv/angebote,19,OK,19.0,False
2026-09-09 16:30:18,Android TVs,https://www.medion.com/at/shop/tv/android-tv,8,OK,8.0,False
2026-09-09 16:30:18,4K UHD TVs,https://www.medion.com/at/shop/tv/4k-uhd,14,OK,14.0,False
2026-09-09 16:30:18,ca. 98 cm - 126 cm (39â bis 50â),https://www.medion.com/at/shop/tv/39-bis-50-zoll,26,OK,26.0,False
2026-09-09 16:30:18,Alle TVs,https://www.medion.com/at/shop/tv,36,OK,36.0,False
2026-09-09 16:30:18,Turmventilatoren,https://www.medion.com/at/shop/turmventilatoren,0,OK,377.0,True
2026-09-09 16:30:18,Topseller,https://www.medion.com/at/shop/topseller,19,OK,19.0,False
2026-09-09 16:30:18,MÃ¤use und Tastaturen,https://www.medion.com/at/shop/tastaturen-und-maeuse,2,OK,2.0,False
2026-09-09 16:30:18,Alle Tablets,https://www.medion.com/at/shop/tablets-alle,2,OK,2.0,False
2026-09-09 16:30:18,Staubsauger,https://www.medion.com/at/shop/staubsauger-alle,10,OK,10.0,False
2026-09-09 16:30:18,Sportliche Angebote,https://www.medion.com/at/shop/sportliche-angebote,19,OK,19.0,False
2026-09-09 16:30:18,Sommer Angebote,https://www.medion.com/at/shop/sommer-angebote,46,OK,46.0,False
2026-09-09 16:30:18,Saugroboter X-Serie,https://www.medion.com/de/shop/saugroboter/saugroboter-x-serie,9,OK,9.0,False
2026-09-09 16:30:18,Smarte Produkte alle,https://www.medion.com/at/shop/smarte-produkte-alle,3,OK,3.0,False
2026-09-09 16:30:18,Saugroboter X-Serie,https://www.medion.com/at/shop/saugroboter-x-serie,9,OK,9.0,False
2026-09-09 16:30:18,zubehoer-x50,https://www.medion.com/de/shop/saugroboter/zubehoer-x50,4,OK,4.0,False
2026-09-09 16:30:18,zubehoer-x41-x42,https://www.medion.com/de/shop/saugroboter/zubehoer-x41-x42,6,OK,6.0,False
2026-09-09 16:30:18,zubehoer-x40,https://www.medion.com/de/shop/saugroboter/zubehoer-x40,4,OK,4.0,False
2026-09-09 16:30:18,zubehoer-x20,https://www.medion.com/de/shop/saugroboter/zubehoer-x20,5,OK,5.0,False
2026-09-09 16:30:18,zubehoer-x10,https://www.medion.com/de/shop/saugroboter/zubehoer-x10,3,OK,3.0,False
2026-09-09 16:30:18,zubehoer-s40,https://www.medion.com/de/shop/saugroboter/zubehoer-s40,2,OK,2.0,False
2026-09-09 16:30:18,zubehoer-s35,https://www.medion.com/de/shop/saugroboter/zubehoer-s35,0,OK,414.0,True
2026-09-09 16:30:18,zubehoer-s30,https://www.medion.com/de/shop/saugroboter/zubehoer-s30,0,OK,414.0,True
2026-09-09 16:30:18,zubehoer-s20,https://www.medion.com/de/shop/saugroboter/zubehoer-s20,3,OK,3.0,False
2026-09-09 16:30:18,zubehoer-s05,https://www.medion.com/de/shop/saugroboter/zubehoer-s05,0,OK,414.0,True
2026-09-09 16:30:18,Saugroboter-ZubehÃ¶r,https://www.medion.com/de/shop/saugroboter-zubehoer,48,OK,48.0,False
2026-09-09 16:30:18,Saugroboter-ZubehÃ¶r,https://www.medion.com/at/shop/saugroboter-zubehoer,47,OK,47.0,False
2026-09-09 16:30:18,Saugroboter mit Wischfunktion,https://www.medion.com/de/shop/saug-wischroboter,9,OK,9.0,False
2026-09-09 16:30:18,Saugroboter mit Wischfunktion,https://www.medion.com/at/shop/saug-wischroboter,9,OK,9.0,False
2026-09-09 16:30:18,RÃ¼ckgaberecht,https://www.medion.com/at/shop/rueckgaberecht,0,OK,377.0,True
2026-09-09 16:30:18,Radios,https://www.medion.com/at/shop/radios,34,OK,34.0,False
2026-09-09 16:30:18,QLED OLED TVs,https://www.medion.com/at/shop/qled-oled-tvs,6,OK,6.0,False
2026-09-09 16:30:18,Performance-Fernseher,https://www.medion.com/at/shop/performance-fernseher,26,OK,26.0,False
2026-09-09 16:30:18,Gaming-PCs,https://www.medion.com/at/shop/pc-gamer,16,OK,16.0,False
2026-09-09 16:30:18,PC-Angebote,https://www.medion.com/at/shop/pc/angebote,6,OK,6.0,False
2026-09-09 16:30:18,Partylautsprecher,https://www.medion.com/at/shop/partylautsprecher,12,OK,12.0,False
2026-09-09 16:30:18,Party,https://www.medion.com/at/shop/party,12,OK,12.0,False
2026-09-09 16:30:18,Nvidia 50er Serie Produkte,https://www.medion.com/at/shop/nvidia-rtx-serie-50,20,OK,20.0,False
2026-09-09 16:30:18,NVIDIA RTX Produkte,https://www.medion.com/at/shop/nvidia-rtx-produkte,30,OK,30.0,False
2026-09-09 16:30:18,NVIDIA RTX Laptops,https://www.medion.com/at/shop/nvidia-rtx-laptops,14,OK,14.0,False
2026-09-09 16:30:18,Nvidia rtx,https://www.medion.com/at/shop/nvidia-rtx,30,OK,30.0,False
2026-09-09 16:30:18,NVIDIA PC,https://www.medion.com/at/shop/nvidia-pc,16,OK,16.0,False
2026-09-09 16:30:18,Neuheiten,https://www.medion.com/at/shop/neuheiten,17,OK,17.0,False
2026-09-09 16:30:18,NÃ¤hmaschinen,https://www.medion.com/at/shop/naehmaschinen,11,OK,11.0,False
2026-09-09 16:30:18,NÃ¤hmaschine,https://www.medion.com/at/shop/naehmaschine,11,OK,11.0,False
2026-09-09 16:30:18,Audio-Systeme,https://www.medion.com/at/shop/musikanlagen,12,OK,12.0,False
2026-09-09 16:30:18,Multimedia-PC,https://www.medion.com/at/shop/multimedia-pc,7,OK,7.0,False
2026-09-09 16:30:18,Monitor-Angebote,https://www.medion.com/at/shop/monitore/angebote,6,OK,6.0,False
2026-09-09 16:30:18,Monitore,https://www.medion.com/at/shop/monitore,4,OK,4.0,False
2026-09-09 16:30:18,Mini PCs,https://www.medion.com/at/shop/mini-pcs,6,OK,6.0,False
2026-09-09 16:30:18,Microsoft Jumpstart Gaming,https://www.medion.com/at/shop/microsoft-jumpstart-gaming,30,OK,30.0,False
2026-09-09 16:30:18,Microsoft Jumpstart,https://www.medion.com/at/shop/microsoft-jumpstart,51,OK,51.0,False
2026-09-09 16:30:18,Luftreiniger Alle,https://www.medion.com/at/shop/luftreiniger-alle,0,OK,377.0,True
2026-09-09 16:30:18,Laptop & PC Week,https://www.medion.com/at/shop/lp/laptop-pc-week,23,OK,23.0,False
2026-09-09 16:30:18,Intel Produkte,https://www.medion.com/at/shop/lp/intel-produkte,30,OK,30.0,False
2026-09-09 16:30:18,Intel PC,https://www.medion.com/at/shop/lp/intel-pc,11,OK,11.0,False
2026-09-09 16:30:18,Intel Games Bundle Produkte,https://www.medion.com/at/shop/lp/intel-games-bundle-produkte,18,OK,18.0,False
2026-09-09 16:30:18,Lieferung bis Weihnachten,https://www.medion.com/at/shop/lieferung-bis-weihnachten,0,OK,377.0,True
2026-09-09 16:30:18,Lenovo Produkte,https://www.medion.com/at/shop/lenovo-produkte,4,OK,4.0,False
2026-09-09 16:30:18,Lautsprecher,https://www.medion.com/at/shop/lautsprecher,12,OK,12.0,False
2026-09-09 16:30:18,Laptop-ZubehÃ¶r,https://www.medion.com/at/shop/laptops/zubehoer,5,OK,5.0,False
2026-09-09 16:30:18,SPRCHRGD Laptops,https://www.medion.com/at/shop/laptops/sprchrgd,2,OK,2.0,False
2026-09-09 16:30:18,Multimedia-Laptops,https://www.medion.com/at/shop/laptops/multimedia,11,OK,11.0,False
2026-09-09 16:30:18,KI gestÃ¼tzte Laptops,https://www.medion.com/at/shop/laptops/ki,3,OK,3.0,False
2026-09-09 16:30:18,Intel Core i7,https://www.medion.com/at/shop/laptops/intel-core-i7,4,OK,4.0,False
2026-09-09 16:30:18,Intel Core i5,https://www.medion.com/at/shop/laptops/intel-core-i5,2,OK,2.0,False
2026-09-09 16:30:18,Intel Core Laptops,https://www.medion.com/at/shop/laptops/intel-core,18,OK,18.0,False
2026-09-09 16:30:18,Homeoffice Laptops,https://www.medion.com/at/shop/laptops/homeoffice,12,OK,12.0,False
2026-09-09 16:30:18,Einsteiger-Laptops,https://www.medion.com/at/shop/laptops/einsteiger,1,OK,1.0,False
2026-09-09 16:30:18,Laptops Angebote,https://www.medion.com/at/shop/laptops/angebote,7,OK,7.0,False
2026-09-09 16:30:18,AMD Ryzen,https://www.medion.com/at/shop/laptops/amd-ryzen,4,OK,4.0,False
2026-09-09 16:30:18,18'' Laptops,https://www.medion.com/at/shop/laptops/18-zoll,1,OK,1.0,False
2026-09-09 16:30:18,17'' Laptops,https://www.medion.com/at/shop/laptops/17-zoll,6,OK,6.0,False
2026-09-09 16:30:18,16'' Laptops,https://www.medion.com/at/shop/laptops/16-zoll,0,OK,377.0,True
2026-09-09 16:30:18,15'' Laptops,https://www.medion.com/at/shop/laptops/15-zoll,2,OK,2.0,False
2026-09-09 16:30:18,14'' Laptops,https://www.medion.com/at/shop/laptops/14-zoll,4,OK,4.0,False
2026-09-09 16:30:18,Alle Laptops,https://www.medion.com/at/shop/laptops,12,OK,12.0,False
2026-09-09 16:30:18,KÃ¼hlen & Gefrieren,https://www.medion.com/at/shop/kuehlen-gefrieren,20,OK,20.0,False
2026-09-09 16:30:18,KÃ¼chenkleingerÃ¤te,https://www.medion.com/at/shop/kuechenkleingeraete,65,OK,65.0,False
2026-09-09 16:30:18,ReinigungsgerÃ¤te,https://www.medion.com/at/shop/kuechengeraete-reinigung,23,OK,23.0,False
2026-09-09 16:30:18,Kochen & Zubereiten,https://www.medion.com/at/shop/kuechengeraete-kochen,63,OK,63.0,False
2026-09-09 16:30:18,FrÃ¼hstÃ¼ck,https://www.medion.com/at/shop/kuechengeraete-fruehstueck,11,OK,11.0,False
2026-09-09 16:30:18,Wasserkocher,https://www.medion.com/at/shop/kueche/wasserkocher,4,OK,4.0,False
2026-09-09 16:30:18,Toaster,https://www.medion.com/at/shop/kueche/toaster,4,OK,4.0,False
2026-09-09 16:30:18,Mini-KÃ¼hlschrank,https://www.medion.com/at/shop/kueche/mini-kuehlschraenke,4,OK,4.0,False
2026-09-09 16:30:18,Mikrowellen,https://www.medion.com/at/shop/kueche/mikrowellen,22,OK,22.0,False
2026-09-09 16:30:18,KÃ¼hlschrÃ¤nke,https://www.medion.com/at/shop/kueche/kuehlschraenke,8,OK,8.0,False
2026-09-09 16:30:18,KÃ¼hl- & GefrierschrÃ¤nke,https://www.medion.com/at/shop/kueche/kuehl-gefrierschraenke,4,OK,4.0,False
2026-09-09 16:30:18,KÃ¼chenmaschinen,https://www.medion.com/at/shop/kueche/kuechenmaschinen,9,OK,9.0,False
2026-09-09 16:30:18,Kaffeemaschinen,https://www.medion.com/at/shop/kueche/kaffeemaschinen,3,OK,3.0,False
2026-09-09 16:30:18,Induktionskochplatten,https://www.medion.com/at/shop/kueche/induktionskochplatten,6,OK,6.0,False
2026-09-09 16:30:18,doppelkammer,https://www.medion.com/at/shop/kueche/heissluftfritteusen/doppelkammer,4,OK,4.0,False
2026-09-09 16:30:18,Heissluftfritteusen Produkte,https://www.medion.com/at/shop/kueche/heissluftfritteusen,19,OK,19.0,False
2026-09-09 16:30:18,Grills,https://www.medion.com/at/shop/kueche/grills,1,OK,1.0,False
2026-09-09 16:30:18,GefrierschrÃ¤nke,https://www.medion.com/at/shop/kueche/gefrierschraenke,6,OK,6.0,False
2026-09-09 16:30:18,EiswÃ¼rfelmaschinen,https://www.medion.com/at/shop/kueche/eiswuerfelmaschinen,2,OK,2.0,False
2026-09-09 16:30:18,Brotbackautomaten,https://www.medion.com/at/shop/kueche/brotbackautomaten,2,OK,2.0,False
2026-09-09 16:30:18,KÃ¼chen-Angebote,https://www.medion.com/at/shop/kueche/angebote,31,OK,31.0,False
2026-09-09 16:30:18,Alle KÃ¼chengerÃ¤te,https://www.medion.com/at/shop/kueche/alle,89,OK,89.0,False
2026-09-09 16:30:18,KÃ¼chen-Produkte,https://www.medion.com/at/shop/kueche,89,OK,89.0,False
2026-09-09 16:30:18,KopfhÃ¶rer,https://www.medion.com/at/shop/kopfhoerer,8,OK,8.0,False
2026-09-09 16:30:18,Fitness & Gesundheit,https://www.medion.com/at/shop/koerperpflege-gesundheit,8,OK,8.0,False
2026-09-09 16:30:18,Kochen & Backen,https://www.medion.com/at/shop/kochen-backen,57,OK,57.0,False
2026-09-09 16:30:18,KlimagerÃ¤te,https://www.medion.com/at/shop/klimageraete,2,OK,2.0,False
2026-09-09 16:30:18,Wecker,https://www.medion.com/at/shop/kategorie-wecker,3,OK,3.0,False
2026-09-09 16:30:18,Inventur Sale,https://www.medion.com/de/shop/inventur-sale,69,OK,69.0,False
2026-09-09 16:30:18,Internetradios,https://www.medion.com/at/shop/internetradios,7,OK,7.0,False
2026-09-09 16:30:18,IntelÂ® Coreâ¢ Ultra Prozessoren,https://www.medion.com/at/shop/intel-core-ultra-series-2-produkte,24,OK,24.0,False
2026-09-09 16:30:18,Intel Core PCs,https://www.medion.com/at/shop/intel-core-pcs,2,OK,2.0,False
2026-09-09 16:30:18,Intel Core Gaming Laptops,https://www.medion.com/at/shop/intel-core-gaming-laptops,2,OK,2.0,False
2026-09-09 16:30:18,Intel 13 Alle,https://www.medion.com/at/shop/intel-13-alle,6,OK,6.0,False
2026-09-09 16:30:18,Hobby & Freizeit,https://www.medion.com/at/shop/hobby-und-freizeit,12,OK,12.0,False
2026-09-09 16:30:18,High End Gaming PCs,https://www.medion.com/at/shop/high-end-gaming-pc,9,OK,9.0,False
2026-09-09 16:30:18,High End Gaming Notebooks,https://www.medion.com/at/shop/high-end-gaming-notebooks,6,OK,6.0,False
2026-09-09 16:30:18,Heizen & KÃ¼hlen,https://www.medion.com/at/shop/heizen-kuehlen,9,OK,9.0,False
2026-09-09 16:30:18,Haushalt-ZubehÃ¶r,https://www.medion.com/at/shop/haushalt-zubehoer,57,OK,57.0,False
2026-09-09 16:30:18,Alexa Haushalt,https://www.medion.com/at/shop/haushalt-alexa,11,OK,11.0,False
2026-09-09 16:30:18,Alle ReinigungsgerÃ¤te,https://www.medion.com/at/shop/haushalt/reinigungsgeraete,23,OK,23.0,False
2026-09-09 16:30:18,Polsterreiniger,https://www.medion.com/at/shop/haushalt/polsterreiniger,1,OK,1.0,False
2026-09-09 16:30:18,Overlock NÃ¤hmaschinen,https://www.medion.com/at/shop/haushalt/naehmaschinen/overlock,2,OK,2.0,False
2026-09-09 16:30:18,Freiarm NÃ¤hmaschinen,https://www.medion.com/at/shop/haushalt/naehmaschinen/freiarm,4,OK,4.0,False
2026-09-09 16:30:18,Digitale NÃ¤hmaschinen,https://www.medion.com/at/shop/haushalt/naehmaschinen/digital,2,OK,2.0,False
2026-09-09 16:30:18,Luftentfeuchter,https://www.medion.com/at/shop/haushalt/luftentfeuchter,3,OK,3.0,False
2026-09-09 16:30:18,KÃ¼hlboxen,https://www.medion.com/at/shop/haushalt/kuehlboxen,4,OK,4.0,False
2026-09-09 16:30:18,Haushalt- & Freizeit-Angebote,https://www.medion.com/at/shop/haushalt/angebote,25,OK,25.0,False
2026-09-09 16:30:18,Handstaubsauger,https://www.medion.com/at/shop/handstaubsauger,5,OK,5.0,False
2026-09-09 16:30:18,Haartrockner,https://www.medion.com/at/shop/haarpflege/haartrockner,2,OK,2.0,False
2026-09-09 16:30:18,GlÃ¤tteisen,https://www.medion.com/at/shop/haarpflege/glaetteisen,4,OK,4.0,False
2026-09-09 16:30:18,GlÃ¤ttbÃ¼rsten,https://www.medion.com/at/shop/haarpflege/glaettbuersten,2,OK,2.0,False
2026-09-09 16:30:18,Haarpflege,https://www.medion.com/at/shop/haarpflege,8,OK,8.0,False
2026-09-09 16:30:18,GeschirrspÃ¼ler,https://www.medion.com/at/shop/geschirrspueler,2,OK,2.0,False
2026-09-09 16:30:18,Geschenke bis 400 Euro,https://www.medion.com/at/shop/geschenke-bis-400-euro,63,OK,63.0,False
2026-09-09 16:30:18,Geschenke bis 250â¬,https://www.medion.com/at/shop/geschenke-bis-250-euro,156,OK,156.0,False
2026-09-09 16:30:18,Geschenke bis 100â¬,https://www.medion.com/at/shop/geschenke-bis-100-euro,161,OK,161.0,False
2026-09-09 16:30:18,Geschenke ab 400 Euro,https://www.medion.com/at/shop/geschenke-ab-400-euro,50,OK,50.0,False
2026-09-09 16:30:18,Garten Angebote,https://www.medion.com/at/shop/garten-angebote,17,OK,17.0,False
2026-09-09 16:30:18,Garantierte Lieferung,https://www.medion.com/at/shop/garantierte-lieferung,0,OK,377.0,True
2026-09-09 16:30:18,Gaming-ZubehÃ¶r,https://www.medion.com/at/shop/gaming-zubehoer,3,OK,3.0,False
2026-09-09 16:30:18,Gaming-Monitore,https://www.medion.com/at/shop/gaming-monitore,3,OK,3.0,False
2026-09-09 16:30:18,Slush Eis Maschine,https://www.medion.com/de/shop/kueche/slush-eis-maschine,6,OK,6.0,False
2026-09-09 16:30:18,Alle Gaming Produkte,https://www.medion.com/at/shop/gaming-alle,36,OK,36.0,False
2026-09-09 16:30:18,Gaming-Laptops,https://www.medion.com/at/shop/gaming/laptop,14,OK,14.0,False
2026-09-09 16:30:18,Gaming Angebote,https://www.medion.com/at/shop/gaming/angebote,13,OK,13.0,False
2026-09-09 16:30:18,FrÃ¼hjahrsputz,https://www.medion.com/at/shop/fruehjahrsputz,23,OK,23.0,False
2026-09-09 16:30:18,weitere Modelle,https://www.medion.com/at/shop/fm-radios,17,OK,17.0,False
2026-09-09 16:30:18,Festival,https://www.medion.com/at/shop/festival,27,OK,27.0,False
2026-09-09 16:30:18,Heimkinosystem,https://www.medion.com/at/shop/entertainment,4,OK,4.0,False
2026-09-09 16:30:18,Eismaschinen,https://www.medion.com/at/shop/eismaschinen,6,OK,6.0,False
2026-09-09 16:30:18,Einsteiger PC,https://www.medion.com/at/shop/einsteiger-pc,1,OK,1.0,False
2026-09-09 16:30:18,Drucker & Patronen,https://www.medion.com/at/shop/drucker,2,OK,2.0,False
2026-09-09 16:30:18,Desktop-PCs,https://www.medion.com/at/shop/desktop-pcs,1,OK,1.0,False
2026-09-09 16:30:18,DAB Radios,https://www.medion.com/at/shop/dab-radios,23,OK,23.0,False
2026-09-09 16:30:18,Core Gaming PCs,https://www.medion.com/at/shop/core-gaming-pc,7,OK,7.0,False
2026-09-09 16:30:18,Core Gaming Notebooks,https://www.medion.com/at/shop/core-gaming-notebooks,8,OK,8.0,False
2026-09-09 16:30:18,PC-ZubehÃ¶r,https://www.medion.com/at/shop/computer-zubehoer,6,OK,6.0,False
2026-09-09 16:30:18,Camping,https://www.medion.com/at/shop/camping,30,OK,30.0,False
2026-09-09 16:30:18,Back to Uni Tablet,https://www.medion.com/at/shop/btu-tablets,2,OK,2.0,False
2026-09-09 16:30:18,Back to Uni Radio,https://www.medion.com/at/shop/btu-radios,34,OK,34.0,False
2026-09-09 16:30:18,Back to Uni FrÃ¼hstÃ¼ck,https://www.medion.com/at/shop/btu-fruehstuecken,10,OK,10.0,False
2026-09-09 16:30:18,Back to Uni Freizeit,https://www.medion.com/at/shop/btu-freizeit,43,OK,43.0,False
2026-09-09 16:30:18,Bodenreiniger,https://www.medion.com/at/shop/bodenreiniger,2,OK,2.0,False
2026-09-09 16:30:18,Bluetooth Lautsprecher,https://www.medion.com/at/shop/bluetooth-lautsprecher,12,OK,12.0,False
2026-09-09 16:30:18,Back to School,https://www.medion.com/at/shop/back-to-school,23,OK,23.0,False
2026-09-09 16:30:18,Alle Audio Produkte,https://www.medion.com/at/shop/audio-alle,65,OK,65.0,False
2026-09-09 16:30:18,Bluetooth-KopfhÃ¶rer,https://www.medion.com/at/shop/audio/bluetooth-kopfhoerer,0,OK,377.0,True
2026-09-09 16:30:18,Audio Angebote,https://www.medion.com/at/shop/audio/angebote,22,OK,22.0,False
2026-09-09 16:30:18,Angebote bei MEDION,https://www.medion.com/at/shop/angebote,114,OK,114.0,False
2026-09-09 16:30:18,All-in-One-PCs,https://www.medion.com/at/shop/all-in-one-pc,2,OK,2.0,False
2026-09-09 16:30:18,Alle PCs,https://www.medion.com/at/shop/alle-pcs,9,OK,9.0,False
2026-09-09 16:30:18,Alexa,https://www.medion.com/at/shop/alexa,11,OK,11.0,False
2026-09-09 16:30:18,Akoya PCs,https://www.medion.com/at/shop/akoya-pcs,1,OK,1.0,False
2026-09-09 16:30:18,Akku-Stielstaubsauger,https://www.medion.com/at/shop/akku-stielstaubsauger,8,OK,8.0,False
2026-09-09 16:30:18,Blue Days,https://www.medion.com/at/shop/blue-days,,NOT_FOUND,,False
2026-09-09 16:30:18,Weekend-Sale,https://www.medion.com/at/shop/weekend-sale,,NOT_FOUND,,False
2026-09-09 16:30:18,Blue Days,https://www.medion.com/de/shop/blue-days,,NOT_FOUND,,False
2026-09-09 16:30:18,Gaming Days,https://www.medion.com/de/shop/gaming-days,,NOT_FOUND,,False
2026-09-09 16:30:18,Weekend Sale,https://www.medion.com/de/shop/weekend-sale,,NOT_FOUND,,False
2026-09-09 16:44:47,Zyklon Staubsauger,https://www.medion.com/de/shop/zyklon-staubsauger,5,OK,5.0,False
2026-09-09 16:44:47,Work from Home PCs,https://www.medion.com/de/shop/work-from-home-pcs,9,OK,9.0,False
2026-09-09 16:44:47,work-from-home-alle,https://www.medion.com/de/shop/work-from-home-alle,19,OK,19.0,False
2026-09-09 16:44:47,Saugroboter Alexa,https://www.medion.com/de/shop/alexa-saugroboter,8,OK,8.0,False
2026-09-09 16:44:47,Saugroboter Alexa,https://www.medion.com/at/shop/alexa-saugroboter,8,OK,8.0,False
2026-09-09 16:44:47,Windows Update,https://www.medion.com/de/shop/windows-update,51,OK,51.0,False
2026-09-09 16:44:47,Versandkostenfrei,https://www.medion.com/de/shop/versandkostenfrei,303,OK,303.0,False
2026-09-09 16:44:47,Ventilatoren & KlimagerÃ¤te,https://www.medion.com/de/shop/ventilatoren-klimageraete,5,OK,5.0,False
2026-09-09 16:44:47,Ventilatoren,https://www.medion.com/de/shop/ventilatoren,4,OK,4.0,False
2026-09-09 16:44:47,Vidaa TVs,https://www.medion.com/de/shop/tv/vidaa,23,OK,23.0,False
2026-09-09 16:44:47,TiVo TVs,https://www.medion.com/de/shop/tv/tivo,4,OK,4.0,False
2026-09-09 16:44:47,TV-Soundbars,https://www.medion.com/de/shop/tv/soundbars,4,OK,4.0,False
2026-09-09 16:44:47,Smart TV,https://www.medion.com/de/shop/tv/smart-tv,32,OK,32.0,False
2026-09-09 16:44:47,QLED TVs,https://www.medion.com/de/shop/tv/qled,13,OK,13.0,False
2026-09-09 16:44:47,Premium-TVs,https://www.medion.com/de/shop/tv/premium,13,OK,13.0,False
2026-09-09 16:44:47,OLED TVs,https://www.medion.com/de/shop/tv/oled,2,OK,2.0,False
2026-09-09 16:44:47,TVs mit Soundbar,https://www.medion.com/de/shop/tv/mit-soundbar,62,OK,62.0,False
2026-09-09 16:44:47,Mini LED Tvs,https://www.medion.com/de/shop/tv/mini-led,2,OK,2.0,False
2026-09-09 16:44:47,Mobilen TVs,https://www.medion.com/de/shop/tv/mini,1,OK,1.0,False
2026-09-09 16:44:47,TV Kaufberater Micro Dimming,https://www.medion.com/de/shop/tv/micro-dimming,11,OK,11.0,False
2026-09-09 16:44:47,TV HDR,https://www.medion.com/de/shop/tv/hdr,48,OK,48.0,False
2026-09-09 16:44:47,HD TVs,https://www.medion.com/de/shop/tv/hd,5,OK,5.0,False
2026-09-09 16:44:47,Fire TVs,https://www.medion.com/de/shop/tv/fire-tv,0,OK,414.0,True
2026-09-09 16:44:47,FHD TVs,https://www.medion.com/de/shop/tv/fhd,17,OK,17.0,False
2026-09-09 16:44:47,Einsteiger,https://www.medion.com/de/shop/tv/einsteiger,6,OK,6.0,False
2026-09-09 16:44:47,TV Dolby Vision,https://www.medion.com/de/shop/tv/dolby-vision,31,OK,31.0,False
2026-09-09 16:44:47,bis ca. 80 cm (32''),https://www.medion.com/de/shop/tv/bis-32-zoll,10,OK,10.0,False
2026-09-09 16:44:47,Angebote TV,https://www.medion.com/de/shop/tv/angebote,25,OK,25.0,False
2026-09-09 16:44:47,Android TVs,https://www.medion.com/de/shop/tv/android-tv,8,OK,8.0,False
2026-09-09 16:44:47,ab ca. 139 cm (55â ),https://www.medion.com/de/shop/tv/ab-55-zoll,22,OK,22.0,False
2026-09-09 16:44:47,4K UHD TVs,https://www.medion.com/de/shop/tv/4k-uhd,36,OK,36.0,False
2026-09-09 16:44:47,ca. 98 cm - 126 cm (39â bis 50â),https://www.medion.com/de/shop/tv/39-bis-50-zoll,26,OK,26.0,False
2026-09-09 16:44:47,Alle TVs,https://www.medion.com/de/shop/tv,58,OK,58.0,False
2026-09-09 16:44:47,Turmventilatoren,https://www.medion.com/de/shop/turmventilatoren,0,OK,414.0,True
2026-09-09 16:44:47,Topseller,https://www.medion.com/de/shop/topseller,19,OK,19.0,False
2026-09-09 16:44:47,Alle Tablets,https://www.medion.com/de/shop/tablets-alle,2,OK,2.0,False
2026-09-09 16:44:47,Staubsauger,https://www.medion.com/de/shop/staubsauger-alle,10,OK,10.0,False
2026-09-09 16:44:47,Sportliche Angebote,https://www.medion.com/de/shop/sportliche-angebote,25,OK,25.0,False
2026-09-09 16:44:47,Sommer Angebote,https://www.medion.com/de/shop/sommer-angebote,52,OK,52.0,False
2026-09-09 16:44:47,Smarte Produkte alle,https://www.medion.com/de/shop/smarte-produkte-alle,3,OK,3.0,False
2026-09-09 16:44:47,Poolroboter,https://www.medion.com/de/shop/haushalt/poolroboter,1,OK,1.0,False
2026-09-09 16:44:47,Alle Laptops,https://www.medion.com/de/shop/searchpages/alle-laptops,27,OK,27.0,False
2026-09-09 16:44:47,Poolroboter,https://www.medion.com/at/shop/haushalt/poolroboter,1,OK,1.0,False
2026-09-09 16:44:47,Saugroboter S-Serie,https://www.medion.com/at/shop/saugroboter-s-serie,7,OK,7.0,False
2026-09-09 16:44:47,RÃ¼ckgaberecht,https://www.medion.com/de/shop/rueckgaberecht,0,OK,414.0,True
2026-09-09 16:44:47,PC-ZubehÃ¶r,https://www.medion.com/de/shop/pc/zubehoer,6,OK,6.0,False
2026-09-09 16:44:47,MÃ¤use und Tastaturen,https://www.medion.com/de/shop/pc/tastatur-maus,2,OK,2.0,False
2026-09-09 16:44:47,Monitore,https://www.medion.com/de/shop/pc/monitor,4,OK,4.0,False
2026-09-09 16:44:47,Mini PCs,https://www.medion.com/de/shop/pc/mini,6,OK,6.0,False
2026-09-09 16:44:47,Drucker,https://www.medion.com/de/shop/pc/drucker,2,OK,2.0,False
2026-09-09 16:44:47,Desktop-PCs,https://www.medion.com/de/shop/pc/desktop,1,OK,1.0,False
2026-09-09 16:44:47,Angebote PC & Monitore,https://www.medion.com/de/shop/pc/angebote,6,OK,6.0,False
2026-09-09 16:44:47,All-in-One-PCs,https://www.medion.com/de/shop/pc/all-in-one,2,OK,2.0,False
2026-09-09 16:44:47,Alle PCs,https://www.medion.com/de/shop/pc/alle,9,OK,9.0,False
2026-09-09 16:44:47,Paypal null Prozent Finanzierung,https://www.medion.com/de/shop/paypal-null-prozent-finanzierung,205,OK,205.0,False
2026-09-09 16:44:47,Party,https://www.medion.com/de/shop/party,12,OK,12.0,False
2026-09-09 16:44:47,Nvidia 50er Serie Produkte,https://www.medion.com/de/shop/nvidia-rtx-serie-50,21,OK,21.0,False
2026-09-09 16:44:47,NVIDIA RTX Produkte,https://www.medion.com/de/shop/nvidia-rtx-produkte,31,OK,31.0,False
2026-09-09 16:44:47,NVIDIA RTX Laptops,https://www.medion.com/de/shop/nvidia-rtx-laptops,15,OK,15.0,False
2026-09-09 16:44:47,Nvidia rtx,https://www.medion.com/de/shop/nvidia-rtx,31,OK,31.0,False
2026-09-09 16:44:47,NVIDIA PC,https://www.medion.com/de/shop/nvidia-pc,16,OK,16.0,False
2026-09-09 16:44:47,Neuheiten,https://www.medion.com/de/shop/neuheiten,18,OK,18.0,False
2026-09-09 16:44:47,Multimedia-PC,https://www.medion.com/de/shop/multimedia-pc,7,OK,7.0,False
2026-09-09 16:44:47,Monitor-Angebote,https://www.medion.com/de/shop/monitore/angebote,6,OK,6.0,False
2026-09-09 16:44:47,Microsoft Jumpstart Gaming,https://www.medion.com/de/shop/microsoft-jumpstart-gaming,31,OK,31.0,False
2026-09-09 16:44:47,Microsoft Jumpstart,https://www.medion.com/de/shop/microsoft-jumpstart,52,OK,52.0,False
2026-09-09 16:44:47,Luftreiniger Alle,https://www.medion.com/de/shop/luftreiniger-alle,0,OK,414.0,True
2026-09-09 16:44:47,TV-Aktion,https://www.medion.com/de/shop/lp/tv-aktion,15,OK,15.0,False
2026-09-09 16:44:47,Laptop & PC Week,https://www.medion.com/de/shop/lp/laptop-pc-week,23,OK,23.0,False
2026-09-09 16:44:47,Intel Produkte,https://www.medion.com/de/shop/lp/intel-produkte,31,OK,31.0,False
2026-09-09 16:44:47,Intel PC,https://www.medion.com/de/shop/lp/intel-pc,11,OK,11.0,False
2026-09-09 16:44:47,Intel Games Bundle Produkte,https://www.medion.com/de/shop/lp/intel-games-bundle-produkte,19,OK,19.0,False
2026-09-09 16:44:47,Defender 17 P10,https://www.medion.com/de/shop/lp/erazer/defender-17-p10,3,OK,3.0,False
2026-09-09 16:44:47,Beast 16 X10,https://www.medion.com/de/shop/lp/erazer/beast-16-x10,4,OK,4.0,False
2026-09-09 16:44:47,Lieferung bis Weihnachten,https://www.medion.com/de/shop/lieferung-bis-weihnachten,0,OK,414.0,True
2026-09-09 16:44:47,Lenovo Produkte,https://www.medion.com/de/shop/lenovo-produkte,4,OK,4.0,False
2026-09-09 16:44:47,Laptop-ZubehÃ¶r,https://www.medion.com/de/shop/laptops/zubehoer,5,OK,5.0,False
2026-09-09 16:44:47,Sprchrgd Laptops,https://www.medion.com/de/shop/laptops/sprchrgd,2,OK,2.0,False
2026-09-09 16:44:47,Multimedia-Laptops,https://www.medion.com/de/shop/laptops/multimedia,11,OK,11.0,False
2026-09-09 16:44:47,KI gestÃ¼tzte Laptops,https://www.medion.com/de/shop/laptops/ki,3,OK,3.0,False
2026-09-09 16:44:47,Intel Core i7,https://www.medion.com/de/shop/laptops/intel-core-i7,4,OK,4.0,False
2026-09-09 16:44:47,Intel Core i5,https://www.medion.com/de/shop/laptops/intel-core-i5,2,OK,2.0,False
2026-09-09 16:44:47,Intel Core Laptops,https://www.medion.com/de/shop/laptops/intel-core,19,OK,19.0,False
2026-09-09 16:44:47,Homeoffice Laptops,https://www.medion.com/de/shop/laptops/homeoffice,12,OK,12.0,False
2026-09-09 16:44:47,Einsteiger-Laptops,https://www.medion.com/de/shop/laptops/einsteiger,1,OK,1.0,False
2026-09-09 16:44:47,Laptops Angebote,https://www.medion.com/de/shop/laptops/angebote,9,OK,9.0,False
2026-09-09 16:44:47,AMD Ryzen,https://www.medion.com/de/shop/laptops/amd-ryzen,4,OK,4.0,False
2026-09-09 16:44:47,18'' Laptops,https://www.medion.com/de/shop/laptops/18-zoll,1,OK,1.0,False
2026-09-09 16:44:47,17'' Laptops,https://www.medion.com/de/shop/laptops/17-zoll,6,OK,6.0,False
2026-09-09 16:44:47,16'' Laptops,https://www.medion.com/de/shop/laptops/16-zoll,0,OK,414.0,True
2026-09-09 16:44:47,15'' Laptops,https://www.medion.com/de/shop/laptops/15-zoll,2,OK,2.0,False
2026-09-09 16:44:47,14'' Laptops,https://www.medion.com/de/shop/laptops/14-zoll,4,OK,4.0,False
2026-09-09 16:44:47,Alle Laptops,https://www.medion.com/de/shop/laptops,12,OK,12.0,False
2026-09-09 16:44:47,ReinigungsgerÃ¤te,https://www.medion.com/de/shop/kuechengeraete-reinigung,30,OK,30.0,False
2026-09-09 16:44:47,FrÃ¼hstÃ¼ck,https://www.medion.com/de/shop/kuechengeraete-fruehstueck,11,OK,11.0,False
2026-09-09 16:44:47,Wasserkocher,https://www.medion.com/de/shop/kueche/wasserkocher,4,OK,4.0,False
2026-09-09 16:44:47,Toaster,https://www.medion.com/de/shop/kueche/toaster,4,OK,4.0,False
2026-09-09 16:44:47,Gaming Days,https://www.medion.com/at/shop/gaming-days,,NOT_FOUND,,False
2026-09-09 16:44:47,Mini KÃ¼hlschrank,https://www.medion.com/de/shop/kueche/mini-kuehlschraenke,4,OK,4.0,False
2026-09-09 16:44:47,Mikrowellen,https://www.medion.com/de/shop/kueche/mikrowellen,22,OK,22.0,False
2026-09-09 16:44:47,KÃ¼hlschrÃ¤nke,https://www.medion.com/de/shop/kueche/kuehlschraenke,10,OK,10.0,False
2026-09-09 16:44:47,KÃ¼hl- & GefrierschrÃ¤nke,https://www.medion.com/de/shop/kueche/kuehl-gefrierschraenke,8,OK,8.0,False
2026-09-09 16:44:47,KÃ¼hlen & Gefrieren,https://www.medion.com/de/shop/kueche/kuehlen-gefrieren,26,OK,26.0,False
2026-09-09 16:44:47,KÃ¼hlboxen,https://www.medion.com/de/shop/kueche/kuehlboxen,4,OK,4.0,False
2026-09-09 16:44:47,KÃ¼chenmaschinen,https://www.medion.com/de/shop/kueche/kuechenmaschinen,9,OK,9.0,False
2026-09-09 16:44:47,KÃ¼chenkleingerÃ¤te,https://www.medion.com/de/shop/kueche/kuechenkleingeraete,65,OK,65.0,False
2026-09-09 16:44:47,Kochen & Zubereiten,https://www.medion.com/de/shop/kueche/kuechengeraete-kochen,63,OK,63.0,False
2026-09-09 16:44:47,Kaffeemaschinen,https://www.medion.com/de/shop/kueche/kaffeemaschinen,3,OK,3.0,False
2026-09-09 16:44:47,Induktionskochplatten,https://www.medion.com/de/shop/kueche/induktionskochplatten,6,OK,6.0,False
2026-09-09 16:44:47,HeiÃluftfritteuse mit zwei Kammern,https://www.medion.com/de/shop/kueche/heissluftfritteusen/doppelkammer,4,OK,4.0,False
2026-09-09 16:44:47,Alle Heissluftfritteusen,https://www.medion.com/de/shop/kueche/heissluftfritteusen,19,OK,19.0,False
2026-09-09 16:44:47,Grills,https://www.medion.com/de/shop/kueche/grills,1,OK,1.0,False
2026-09-09 16:44:47,GeschirrspÃ¼ler,https://www.medion.com/de/shop/kueche/geschirrspueler,9,OK,9.0,False
2026-09-09 16:44:47,GefrierschrÃ¤nke,https://www.medion.com/de/shop/kueche/gefrierschraenke,8,OK,8.0,False
2026-09-09 16:44:47,EiswÃ¼rfelmaschinen,https://www.medion.com/de/shop/kueche/eiswuerfelmaschinen,2,OK,2.0,False
2026-09-09 16:44:47,Eismaschinen,https://www.medion.com/de/shop/kueche/eismaschine,6,OK,6.0,False
2026-09-09 16:44:47,Brotbackautomaten,https://www.medion.com/de/shop/kueche/brotbackautomaten,2,OK,2.0,False
2026-09-09 16:44:47,KÃ¼chen-Angebote,https://www.medion.com/de/shop/kueche/angebote,35,OK,35.0,False
2026-09-09 16:44:47,Alle KÃ¼chengerÃ¤te,https://www.medion.com/de/shop/kueche/alle,65,OK,65.0,False
2026-09-09 16:44:47,Fitness & Gesundheit,https://www.medion.com/de/shop/koerperpflege-gesundheit,8,OK,8.0,False
2026-09-09 16:44:47,Kochen & Backen,https://www.medion.com/de/shop/kochen-backen,57,OK,57.0,False
2026-09-09 16:44:47,KlimagerÃ¤te,https://www.medion.com/de/shop/klimageraete,2,OK,2.0,False
2026-09-09 16:44:47,Kabelloses GlÃ¤tteisen HS2,https://www.medion.com/de/shop/kabelloses-glaetteisen-hs2,2,OK,2.0,False
2026-09-09 16:44:47,Inventur Sale,https://www.medion.com/at/shop/inventur-sale,65,OK,65.0,False
2026-09-09 16:44:47,Internetradios,https://www.medion.com/de/shop/internetradios,7,OK,7.0,False
2026-09-09 16:44:47,IntelÂ® Coreâ¢ Ultra Prozessoren,https://www.medion.com/de/shop/intel-core-ultra-series-2-produkte,25,OK,25.0,False
2026-09-09 16:44:47,Intel Core PCs,https://www.medion.com/de/shop/intel-core-pcs,2,OK,2.0,False
2026-09-09 16:44:47,Intel Core Gaming Laptops,https://www.medion.com/de/shop/intel-core-gaming-laptops,2,OK,2.0,False
2026-09-09 16:44:47,Intel 13 Alle,https://www.medion.com/de/shop/intel-13-alle,6,OK,6.0,False
2026-09-09 16:44:47,Hobby & Freizeit,https://www.medion.com/de/shop/hobby-und-freizeit,12,OK,12.0,False
2026-09-09 16:44:47,High End Gaming PCs,https://www.medion.com/de/shop/high-end-gaming-pc,9,OK,9.0,False
2026-09-09 16:44:47,High End Gaming Notebooks,https://www.medion.com/de/shop/high-end-gaming-notebooks,7,OK,7.0,False
2026-09-09 16:44:47,Heizen & KÃ¼hlen,https://www.medion.com/de/shop/heizen-kuehlen,9,OK,9.0,False
2026-09-09 16:44:47,Haushalt-ZubehÃ¶r,https://www.medion.com/de/shop/haushalt-zubehoer,58,OK,58.0,False
2026-09-09 16:44:47,Alexa Haushalt,https://www.medion.com/de/shop/haushalt-alexa,11,OK,11.0,False
2026-09-09 16:44:47,zubehoer-p400-p350,https://www.medion.com/de/shop/haushalt/stielstaubsauger/zubehoer-p400-p350,4,OK,4.0,False
2026-09-09 16:44:47,Alle ReinigungsgerÃ¤te,https://www.medion.com/de/shop/haushalt/reinigungsgeraete,30,OK,30.0,False
2026-09-09 16:44:47,Polsterreiniger,https://www.medion.com/de/shop/haushalt/polsterreiniger,1,OK,1.0,False
2026-09-09 16:44:47,Overlock NÃ¤hmaschinen,https://www.medion.com/de/shop/haushalt/naehmaschinen/overlock,2,OK,2.0,False
2026-09-09 16:44:47,Freiarm NÃ¤hmaschinen,https://www.medion.com/de/shop/haushalt/naehmaschinen/freiarm,4,OK,4.0,False
2026-09-09 16:44:47,Digitale NÃ¤hmaschinen,https://www.medion.com/de/shop/haushalt/naehmaschinen/digital,2,OK,2.0,False
2026-09-09 16:44:47,NÃ¤hmaschinen,https://www.medion.com/de/shop/haushalt/naehmaschinen,11,OK,11.0,False
2026-09-09 16:44:47,luftentfeuchter,https://www.medion.com/de/shop/haushalt/heizen-kuehlen/luftentfeuchter,3,OK,3.0,False
2026-09-09 16:44:47,Alle Haushalt- und Freizeit-Produkte,https://www.medion.com/de/shop/haushalt/alle,60,OK,60.0,False
2026-09-09 16:44:47,Haushalt- & Freizeit-Angebote,https://www.medion.com/de/shop/haushalt/angebote,27,OK,27.0,False
2026-09-09 16:44:47,Alle Haushalt- und Freizeit-Produkte,https://www.medion.com/at/shop/haushalt-freizeit-alle,53,OK,53.0,False
2026-09-09 16:44:47,Handstaubsauger,https://www.medion.com/de/shop/handstaubsauger,5,OK,5.0,False
2026-09-09 16:44:47,Haartrockner LIFE HD2,https://www.medion.com/de/shop/haartrockner-life-hd2,2,OK,2.0,False
2026-09-09 16:44:47,Haartrockner,https://www.medion.com/de/shop/haarpflege/haartrockner,2,OK,2.0,False
2026-09-09 16:44:47,GlÃ¤tteisen,https://www.medion.com/de/shop/haarpflege/glaetteisen,4,OK,4.0,False
2026-09-09 16:44:47,GlÃ¤ttbÃ¼rsten,https://www.medion.com/de/shop/haarpflege/glaettbuersten,2,OK,2.0,False
2026-09-09 16:44:47,Haarpflege,https://www.medion.com/de/shop/haarpflege,8,OK,8.0,False
2026-09-09 16:44:47,GlÃ¤tteisen LIFE HS1,https://www.medion.com/de/shop/glaetteisen-life-hs1,2,OK,2.0,False
2026-09-09 16:44:47,Geschenke bis 400 Euro,https://www.medion.com/de/shop/geschenke-bis-400-euro,87,OK,87.0,False
2026-09-09 16:44:47,Geschenke bis 250â¬,https://www.medion.com/de/shop/geschenke-bis-250-euro,168,OK,168.0,False
2026-09-09 16:44:47,Geschenke bis 100â¬,https://www.medion.com/de/shop/geschenke-bis-100-euro,161,OK,161.0,False
2026-09-09 16:44:47,Geschenke ab 400 Euro,https://www.medion.com/de/shop/geschenke-ab-400-euro,63,OK,63.0,False
2026-09-09 16:44:47,Garten Angebote,https://www.medion.com/de/shop/garten-angebote,17,OK,17.0,False
2026-09-09 16:44:47,Slush Eis Maschine,https://www.medion.com/at/shop/kueche/slush-eis-maschine,6,OK,6.0,False
2026-09-09 16:44:47,Gaming-ZubehÃ¶r,https://www.medion.com/de/shop/gaming/zubehoer,3,OK,3.0,False
2026-09-09 16:44:47,Gaming-PCs,https://www.medion.com/de/shop/gaming/pc,16,OK,16.0,False
2026-09-09 16:44:47,Gaming-Monitore,https://www.medion.com/de/shop/gaming/monitor,3,OK,3.0,False
2026-09-09 16:44:47,Gaming-Laptops,https://www.medion.com/de/shop/gaming/laptop,15,OK,15.0,False
2026-09-09 16:44:47,Angebote Gaming,https://www.medion.com/de/shop/gaming/angebote,14,OK,14.0,False
2026-09-09 16:44:47,Alle Gaming Produkte,https://www.medion.com/de/shop/gaming/alle,37,OK,37.0,False
2026-09-09 16:44:47,FrÃ¼hjahrsputz,https://www.medion.com/de/shop/fruehjahrsputz,30,OK,30.0,False
2026-09-09 16:44:47,weitere Modelle,https://www.medion.com/de/shop/fm-radios,17,OK,17.0,False
2026-09-09 16:44:47,Festival,https://www.medion.com/de/shop/festival,27,OK,27.0,False
2026-09-09 16:44:47,Heimkinosystem,https://www.medion.com/de/shop/entertainment,4,OK,4.0,False
2026-09-09 16:44:47,Einsteiger PC,https://www.medion.com/de/shop/einsteiger-pc,1,OK,1.0,False
2026-09-09 16:44:47,DAB Radios,https://www.medion.com/de/shop/dab-radios,10,OK,10.0,False
2026-09-09 16:44:47,Core Gaming PCs,https://www.medion.com/de/shop/core-gaming-pc,7,OK,7.0,False
2026-09-09 16:44:47,Core Gaming Notebooks,https://www.medion.com/de/shop/core-gaming-notebooks,8,OK,8.0,False
2026-09-09 16:44:47,Camping,https://www.medion.com/de/shop/camping,35,OK,35.0,False
2026-09-09 16:44:47,Back to Uni Tablet,https://www.medion.com/de/shop/btu-tablets,2,OK,2.0,False
2026-09-09 16:44:47,Back to Uni Radio,https://www.medion.com/de/shop/btu-radios,34,OK,34.0,False
2026-09-09 16:44:47,Back to Uni FrÃ¼hstÃ¼ck,https://www.medion.com/de/shop/btu-fruehstuecken,10,OK,10.0,False
2026-09-09 16:44:47,Back to Uni Freizeit,https://www.medion.com/de/shop/btu-freizeit,43,OK,43.0,False
2026-09-09 16:44:47,Bodenreiniger,https://www.medion.com/de/shop/bodenreiniger,2,OK,2.0,False
2026-09-09 16:44:47,Bluetooth Lautsprecher,https://www.medion.com/de/shop/bluetooth-lautsprecher,12,OK,12.0,False
2026-09-09 16:44:47,Back to School,https://www.medion.com/de/shop/back-to-school,23,OK,23.0,False
2026-09-09 16:44:47,Wecker,https://www.medion.com/de/shop/audio/wecker,3,OK,3.0,False
2026-09-09 16:44:47,Radios,https://www.medion.com/de/shop/audio/radio,34,OK,34.0,False
2026-09-09 16:44:47,Partylautsprecher,https://www.medion.com/de/shop/audio/partylautsprecher,12,OK,12.0,False
2026-09-09 16:44:47,Audio-Systeme,https://www.medion.com/de/shop/audio/musikanlagen,12,OK,12.0,False
2026-09-09 16:44:47,Lautsprecher,https://www.medion.com/de/shop/audio/lautsprecher,12,OK,12.0,False
2026-09-09 16:44:47,KÃ¼chen-unterbauradio,https://www.medion.com/de/shop/audio/kuechenunterbauradios,3,OK,3.0,False
2026-09-09 16:44:47,KopfhÃ¶rer,https://www.medion.com/de/shop/audio/kopfhoerer,8,OK,8.0,False
2026-09-09 16:44:47,Boomboxen,https://www.medion.com/de/shop/audio/boomboxen,12,OK,12.0,False
2026-09-09 16:44:47,Bluetooth KopfhÃ¶rer,https://www.medion.com/de/shop/audio/bluetooth-kopfhoerer,6,OK,6.0,False
2026-09-09 16:44:47,Baustellenradio,https://www.medion.com/de/shop/audio/baustellenradio,4,OK,4.0,False
2026-09-09 16:44:47,Angebote Audio,https://www.medion.com/de/shop/audio/angebote,22,OK,22.0,False
2026-09-09 16:44:47,Alle Audio Produkte,https://www.medion.com/de/shop/audio/alle,65,OK,65.0,False
2026-09-09 16:44:47,Angebote bei MEDION,https://www.medion.com/de/shop/angebote,126,OK,126.0,False
2026-09-09 16:44:47,Alexa,https://www.medion.com/de/shop/alexa,11,OK,11.0,False
2026-09-09 16:44:47,Akoya PCs,https://www.medion.com/de/shop/akoya-pcs,1,OK,1.0,False
2026-09-09 16:44:47,Akku-Stielstaubsauger,https://www.medion.com/de/shop/akku-stielstaubsauger,8,OK,8.0,False
2026-09-09 16:44:47,Zyklon Staubsauger,https://www.medion.com/at/shop/zyklon-staubsauger,5,OK,5.0,False
2026-09-09 16:44:47,Work from Home PCs,https://www.medion.com/at/shop/work-from-home-pcs,9,OK,9.0,False
2026-09-09 16:44:47,work-from-home-alle,https://www.medion.com/at/shop/work-from-home-alle,19,OK,19.0,False
2026-09-09 16:44:47,Saugroboter,https://www.medion.com/de/shop/saugroboter/saugroboter-wischroboter,9,OK,9.0,False
2026-09-09 16:44:47,Saugroboter,https://www.medion.com/at/shop/saugroboter-wischroboter,9,OK,9.0,False
2026-09-09 16:44:47,Windows Update,https://www.medion.com/at/shop/windows-update,50,OK,50.0,False
2026-09-09 16:44:47,Versandkostenfrei,https://www.medion.com/at/shop/versandkostenfrei,268,OK,268.0,False
2026-09-09 16:44:47,Ventilatoren & KlimagerÃ¤te,https://www.medion.com/at/shop/ventilatoren-klimageraete,5,OK,5.0,False
2026-09-09 16:44:47,Ventilatoren,https://www.medion.com/at/shop/ventilatoren,4,OK,4.0,False
2026-09-09 16:44:47,TV Kaufberater AuflÃ¶sungen,https://www.medion.com/at/shop/tv-hd-fhd-uhd,0,OK,377.0,True
2026-09-09 16:44:47,TV Kaufberater Hintergrundbeleuchtung,https://www.medion.com/at/shop/tv-edge-led-direct-led,0,OK,377.0,True
2026-09-09 16:44:47,Vidaa TVs,https://www.medion.com/at/shop/tv/vidaa,14,OK,14.0,False
2026-09-09 16:44:47,TV-Soundbars,https://www.medion.com/at/shop/tv/soundbars,4,OK,4.0,False
2026-09-09 16:44:47,Smart TV,https://www.medion.com/at/shop/tv/smart-tv,16,OK,16.0,False
2026-09-09 16:44:47,QLED TVs,https://www.medion.com/at/shop/tv/qled,6,OK,6.0,False
2026-09-09 16:44:47,Premium-TVs,https://www.medion.com/at/shop/tv/premium,4,OK,4.0,False
2026-09-09 16:44:47,OLED TVs,https://www.medion.com/at/shop/tv/oled,0,OK,377.0,True
2026-09-09 16:44:47,TVs mit Soundbar,https://www.medion.com/at/shop/tv/mit-soundbar,40,OK,40.0,False
2026-09-09 16:44:47,Mobilen TVs,https://www.medion.com/at/shop/tv/mini,1,OK,1.0,False
2026-09-09 16:44:47,TV Kaufberater Micro Dimming,https://www.medion.com/at/shop/tv/micro-dimming,6,OK,6.0,False
2026-09-09 16:44:47,TV HDR,https://www.medion.com/at/shop/tv/hdr,26,OK,26.0,False
2026-09-09 16:44:47,HD TVs,https://www.medion.com/at/shop/tv/hd,5,OK,5.0,False
2026-09-09 16:44:47,Fire TVs,https://www.medion.com/at/shop/tv/fire-tv,0,OK,377.0,True
2026-09-09 16:44:47,FHD TVs,https://www.medion.com/at/shop/tv/fhd,17,OK,17.0,False
2026-09-09 16:44:47,Einsteiger,https://www.medion.com/at/shop/tv/einsteiger,6,OK,6.0,False
2026-09-09 16:44:47,TV Dolby Vision,https://www.medion.com/at/shop/tv/dolby-vision,12,OK,12.0,False
2026-09-09 16:44:47,bis ca. 80 cm (32''),https://www.medion.com/at/shop/tv/bis-32-zoll,10,OK,10.0,False
2026-09-09 16:44:47,TV Angebote,https://www.medion.com/at/shop/tv/angebote,19,OK,19.0,False
2026-09-09 16:44:47,Android TVs,https://www.medion.com/at/shop/tv/android-tv,8,OK,8.0,False
2026-09-09 16:44:47,4K UHD TVs,https://www.medion.com/at/shop/tv/4k-uhd,14,OK,14.0,False
2026-09-09 16:44:47,ca. 98 cm - 126 cm (39â bis 50â),https://www.medion.com/at/shop/tv/39-bis-50-zoll,26,OK,26.0,False
2026-09-09 16:44:47,Alle TVs,https://www.medion.com/at/shop/tv,36,OK,36.0,False
2026-09-09 16:44:47,Turmventilatoren,https://www.medion.com/at/shop/turmventilatoren,0,OK,377.0,True
2026-09-09 16:44:47,Topseller,https://www.medion.com/at/shop/topseller,19,OK,19.0,False
2026-09-09 16:44:47,MÃ¤use und Tastaturen,https://www.medion.com/at/shop/tastaturen-und-maeuse,2,OK,2.0,False
2026-09-09 16:44:47,Alle Tablets,https://www.medion.com/at/shop/tablets-alle,2,OK,2.0,False
2026-09-09 16:44:47,Staubsauger,https://www.medion.com/at/shop/staubsauger-alle,10,OK,10.0,False
2026-09-09 16:44:47,Sportliche Angebote,https://www.medion.com/at/shop/sportliche-angebote,19,OK,19.0,False
2026-09-09 16:44:47,Sommer Angebote,https://www.medion.com/at/shop/sommer-angebote,46,OK,46.0,False
2026-09-09 16:44:47,Saugroboter X-Serie,https://www.medion.com/de/shop/saugroboter/saugroboter-x-serie,9,OK,9.0,False
2026-09-09 16:44:47,Smarte Produkte alle,https://www.medion.com/at/shop/smarte-produkte-alle,3,OK,3.0,False
2026-09-09 16:44:47,Saugroboter X-Serie,https://www.medion.com/at/shop/saugroboter-x-serie,9,OK,9.0,False
2026-09-09 16:44:47,zubehoer-x50,https://www.medion.com/de/shop/saugroboter/zubehoer-x50,4,OK,4.0,False
2026-09-09 16:44:47,zubehoer-x41-x42,https://www.medion.com/de/shop/saugroboter/zubehoer-x41-x42,6,OK,6.0,False
2026-09-09 16:44:47,zubehoer-x40,https://www.medion.com/de/shop/saugroboter/zubehoer-x40,4,OK,4.0,False
2026-09-09 16:44:47,zubehoer-x20,https://www.medion.com/de/shop/saugroboter/zubehoer-x20,5,OK,5.0,False
2026-09-09 16:44:47,zubehoer-x10,https://www.medion.com/de/shop/saugroboter/zubehoer-x10,3,OK,3.0,False
2026-09-09 16:44:47,zubehoer-s40,https://www.medion.com/de/shop/saugroboter/zubehoer-s40,2,OK,2.0,False
2026-09-09 16:44:47,zubehoer-s35,https://www.medion.com/de/shop/saugroboter/zubehoer-s35,0,OK,414.0,True
2026-09-09 16:44:47,zubehoer-s30,https://www.medion.com/de/shop/saugroboter/zubehoer-s30,0,OK,414.0,True
2026-09-09 16:44:47,zubehoer-s20,https://www.medion.com/de/shop/saugroboter/zubehoer-s20,3,OK,3.0,False
2026-09-09 16:44:47,zubehoer-s05,https://www.medion.com/de/shop/saugroboter/zubehoer-s05,0,OK,414.0,True
2026-09-09 16:44:47,Saugroboter-ZubehÃ¶r,https://www.medion.com/de/shop/saugroboter-zubehoer,48,OK,48.0,False
2026-09-09 16:44:47,Saugroboter-ZubehÃ¶r,https://www.medion.com/at/shop/saugroboter-zubehoer,47,OK,47.0,False
2026-09-09 16:44:47,Saugroboter mit Wischfunktion,https://www.medion.com/de/shop/saug-wischroboter,9,OK,9.0,False
2026-09-09 16:44:47,Saugroboter mit Wischfunktion,https://www.medion.com/at/shop/saug-wischroboter,9,OK,9.0,False
2026-09-09 16:44:47,RÃ¼ckgaberecht,https://www.medion.com/at/shop/rueckgaberecht,0,OK,377.0,True
2026-09-09 16:44:47,Radios,https://www.medion.com/at/shop/radios,34,OK,34.0,False
2026-09-09 16:44:47,QLED OLED TVs,https://www.medion.com/at/shop/qled-oled-tvs,6,OK,6.0,False
2026-09-09 16:44:47,Performance-Fernseher,https://www.medion.com/at/shop/performance-fernseher,26,OK,26.0,False
2026-09-09 16:44:47,Gaming-PCs,https://www.medion.com/at/shop/pc-gamer,16,OK,16.0,False
2026-09-09 16:44:47,PC-Angebote,https://www.medion.com/at/shop/pc/angebote,6,OK,6.0,False
2026-09-09 16:44:47,Partylautsprecher,https://www.medion.com/at/shop/partylautsprecher,12,OK,12.0,False
2026-09-09 16:44:47,Party,https://www.medion.com/at/shop/party,12,OK,12.0,False
2026-09-09 16:44:47,Nvidia 50er Serie Produkte,https://www.medion.com/at/shop/nvidia-rtx-serie-50,20,OK,20.0,False
2026-09-09 16:44:47,NVIDIA RTX Produkte,https://www.medion.com/at/shop/nvidia-rtx-produkte,30,OK,30.0,False
2026-09-09 16:44:47,NVIDIA RTX Laptops,https://www.medion.com/at/shop/nvidia-rtx-laptops,14,OK,14.0,False
2026-09-09 16:44:47,Nvidia rtx,https://www.medion.com/at/shop/nvidia-rtx,30,OK,30.0,False
2026-09-09 16:44:47,NVIDIA PC,https://www.medion.com/at/shop/nvidia-pc,16,OK,16.0,False
2026-09-09 16:44:47,Neuheiten,https://www.medion.com/at/shop/neuheiten,17,OK,17.0,False
2026-09-09 16:44:47,NÃ¤hmaschinen,https://www.medion.com/at/shop/naehmaschinen,11,OK,11.0,False
2026-09-09 16:44:47,NÃ¤hmaschine,https://www.medion.com/at/shop/naehmaschine,11,OK,11.0,False
2026-09-09 16:44:47,Audio-Systeme,https://www.medion.com/at/shop/musikanlagen,12,OK,12.0,False
2026-09-09 16:44:47,Multimedia-PC,https://www.medion.com/at/shop/multimedia-pc,7,OK,7.0,False
2026-09-09 16:44:47,Monitor-Angebote,https://www.medion.com/at/shop/monitore/angebote,6,OK,6.0,False
2026-09-09 16:44:47,Monitore,https://www.medion.com/at/shop/monitore,4,OK,4.0,False
2026-09-09 16:44:47,Mini PCs,https://www.medion.com/at/shop/mini-pcs,6,OK,6.0,False
2026-09-09 16:44:47,Microsoft Jumpstart Gaming,https://www.medion.com/at/shop/microsoft-jumpstart-gaming,30,OK,30.0,False
2026-09-09 16:44:47,Microsoft Jumpstart,https://www.medion.com/at/shop/microsoft-jumpstart,51,OK,51.0,False
2026-09-09 16:44:47,Luftreiniger Alle,https://www.medion.com/at/shop/luftreiniger-alle,0,OK,377.0,True
2026-09-09 16:44:47,Laptop & PC Week,https://www.medion.com/at/shop/lp/laptop-pc-week,23,OK,23.0,False
2026-09-09 16:44:47,Intel Produkte,https://www.medion.com/at/shop/lp/intel-produkte,30,OK,30.0,False
2026-09-09 16:44:47,Intel PC,https://www.medion.com/at/shop/lp/intel-pc,11,OK,11.0,False
2026-09-09 16:44:47,Intel Games Bundle Produkte,https://www.medion.com/at/shop/lp/intel-games-bundle-produkte,18,OK,18.0,False
2026-09-09 16:44:47,Lieferung bis Weihnachten,https://www.medion.com/at/shop/lieferung-bis-weihnachten,0,OK,377.0,True
2026-09-09 16:44:47,Lenovo Produkte,https://www.medion.com/at/shop/lenovo-produkte,4,OK,4.0,False
2026-09-09 16:44:47,Lautsprecher,https://www.medion.com/at/shop/lautsprecher,12,OK,12.0,False
2026-09-09 16:44:47,Laptop-ZubehÃ¶r,https://www.medion.com/at/shop/laptops/zubehoer,5,OK,5.0,False
2026-09-09 16:44:47,SPRCHRGD Laptops,https://www.medion.com/at/shop/laptops/sprchrgd,2,OK,2.0,False
2026-09-09 16:44:47,Multimedia-Laptops,https://www.medion.com/at/shop/laptops/multimedia,11,OK,11.0,False
2026-09-09 16:44:47,KI gestÃ¼tzte Laptops,https://www.medion.com/at/shop/laptops/ki,3,OK,3.0,False
2026-09-09 16:44:47,Intel Core i7,https://www.medion.com/at/shop/laptops/intel-core-i7,4,OK,4.0,False
2026-09-09 16:44:47,Intel Core i5,https://www.medion.com/at/shop/laptops/intel-core-i5,2,OK,2.0,False
2026-09-09 16:44:47,Intel Core Laptops,https://www.medion.com/at/shop/laptops/intel-core,18,OK,18.0,False
2026-09-09 16:44:47,Homeoffice Laptops,https://www.medion.com/at/shop/laptops/homeoffice,12,OK,12.0,False
2026-09-09 16:44:47,Einsteiger-Laptops,https://www.medion.com/at/shop/laptops/einsteiger,1,OK,1.0,False
2026-09-09 16:44:47,Laptops Angebote,https://www.medion.com/at/shop/laptops/angebote,7,OK,7.0,False
2026-09-09 16:44:47,AMD Ryzen,https://www.medion.com/at/shop/laptops/amd-ryzen,4,OK,4.0,False
2026-09-09 16:44:47,18'' Laptops,https://www.medion.com/at/shop/laptops/18-zoll,1,OK,1.0,False
2026-09-09 16:44:47,17'' Laptops,https://www.medion.com/at/shop/laptops/17-zoll,6,OK,6.0,False
2026-09-09 16:44:47,16'' Laptops,https://www.medion.com/at/shop/laptops/16-zoll,0,OK,377.0,True
2026-09-09 16:44:47,15'' Laptops,https://www.medion.com/at/shop/laptops/15-zoll,2,OK,2.0,False
2026-09-09 16:44:47,14'' Laptops,https://www.medion.com/at/shop/laptops/14-zoll,4,OK,4.0,False
2026-09-09 16:44:47,Alle Laptops,https://www.medion.com/at/shop/laptops,12,OK,12.0,False
2026-09-09 16:44:47,KÃ¼hlen & Gefrieren,https://www.medion.com/at/shop/kuehlen-gefrieren,20,OK,20.0,False
2026-09-09 16:44:47,KÃ¼chenkleingerÃ¤te,https://www.medion.com/at/shop/kuechenkleingeraete,65,OK,65.0,False
2026-09-09 16:44:47,ReinigungsgerÃ¤te,https://www.medion.com/at/shop/kuechengeraete-reinigung,23,OK,23.0,False
2026-09-09 16:44:47,Kochen & Zubereiten,https://www.medion.com/at/shop/kuechengeraete-kochen,63,OK,63.0,False
2026-09-09 16:44:47,FrÃ¼hstÃ¼ck,https://www.medion.com/at/shop/kuechengeraete-fruehstueck,11,OK,11.0,False
2026-09-09 16:44:47,Wasserkocher,https://www.medion.com/at/shop/kueche/wasserkocher,4,OK,4.0,False
2026-09-09 16:44:47,Toaster,https://www.medion.com/at/shop/kueche/toaster,4,OK,4.0,False
2026-09-09 16:44:47,Mini-KÃ¼hlschrank,https://www.medion.com/at/shop/kueche/mini-kuehlschraenke,4,OK,4.0,False
2026-09-09 16:44:47,Mikrowellen,https://www.medion.com/at/shop/kueche/mikrowellen,22,OK,22.0,False
2026-09-09 16:44:47,KÃ¼hlschrÃ¤nke,https://www.medion.com/at/shop/kueche/kuehlschraenke,8,OK,8.0,False
2026-09-09 16:44:47,KÃ¼hl- & GefrierschrÃ¤nke,https://www.medion.com/at/shop/kueche/kuehl-gefrierschraenke,4,OK,4.0,False
2026-09-09 16:44:47,KÃ¼chenmaschinen,https://www.medion.com/at/shop/kueche/kuechenmaschinen,9,OK,9.0,False
2026-09-09 16:44:47,Kaffeemaschinen,https://www.medion.com/at/shop/kueche/kaffeemaschinen,3,OK,3.0,False
2026-09-09 16:44:47,Induktionskochplatten,https://www.medion.com/at/shop/kueche/induktionskochplatten,6,OK,6.0,False
2026-09-09 16:44:47,doppelkammer,https://www.medion.com/at/shop/kueche/heissluftfritteusen/doppelkammer,4,OK,4.0,False
2026-09-09 16:44:47,Heissluftfritteusen Produkte,https://www.medion.com/at/shop/kueche/heissluftfritteusen,19,OK,19.0,False
2026-09-09 16:44:47,Grills,https://www.medion.com/at/shop/kueche/grills,1,OK,1.0,False
2026-09-09 16:44:47,GefrierschrÃ¤nke,https://www.medion.com/at/shop/kueche/gefrierschraenke,6,OK,6.0,False
2026-09-09 16:44:47,EiswÃ¼rfelmaschinen,https://www.medion.com/at/shop/kueche/eiswuerfelmaschinen,2,OK,2.0,False
2026-09-09 16:44:47,Brotbackautomaten,https://www.medion.com/at/shop/kueche/brotbackautomaten,2,OK,2.0,False
2026-09-09 16:44:47,KÃ¼chen-Angebote,https://www.medion.com/at/shop/kueche/angebote,31,OK,31.0,False
2026-09-09 16:44:47,Alle KÃ¼chengerÃ¤te,https://www.medion.com/at/shop/kueche/alle,89,OK,89.0,False
2026-09-09 16:44:47,KÃ¼chen-Produkte,https://www.medion.com/at/shop/kueche,89,OK,89.0,False
2026-09-09 16:44:47,KopfhÃ¶rer,https://www.medion.com/at/shop/kopfhoerer,8,OK,8.0,False
2026-09-09 16:44:47,Fitness & Gesundheit,https://www.medion.com/at/shop/koerperpflege-gesundheit,8,OK,8.0,False
2026-09-09 16:44:47,Kochen & Backen,https://www.medion.com/at/shop/kochen-backen,57,OK,57.0,False
2026-09-09 16:44:47,KlimagerÃ¤te,https://www.medion.com/at/shop/klimageraete,2,OK,2.0,False
2026-09-09 16:44:47,Wecker,https://www.medion.com/at/shop/kategorie-wecker,3,OK,3.0,False
2026-09-09 16:44:47,Inventur Sale,https://www.medion.com/de/shop/inventur-sale,69,OK,69.0,False
2026-09-09 16:44:47,Internetradios,https://www.medion.com/at/shop/internetradios,7,OK,7.0,False
2026-09-09 16:44:47,IntelÂ® Coreâ¢ Ultra Prozessoren,https://www.medion.com/at/shop/intel-core-ultra-series-2-produkte,24,OK,24.0,False
2026-09-09 16:44:47,Intel Core PCs,https://www.medion.com/at/shop/intel-core-pcs,2,OK,2.0,False
2026-09-09 16:44:47,Intel Core Gaming Laptops,https://www.medion.com/at/shop/intel-core-gaming-laptops,2,OK,2.0,False
2026-09-09 16:44:47,Intel 13 Alle,https://www.medion.com/at/shop/intel-13-alle,6,OK,6.0,False
2026-09-09 16:44:47,Hobby & Freizeit,https://www.medion.com/at/shop/hobby-und-freizeit,12,OK,12.0,False
2026-09-09 16:44:47,High End Gaming PCs,https://www.medion.com/at/shop/high-end-gaming-pc,9,OK,9.0,False
2026-09-09 16:44:47,High End Gaming Notebooks,https://www.medion.com/at/shop/high-end-gaming-notebooks,6,OK,6.0,False
2026-09-09 16:44:47,Heizen & KÃ¼hlen,https://www.medion.com/at/shop/heizen-kuehlen,9,OK,9.0,False
2026-09-09 16:44:47,Haushalt-ZubehÃ¶r,https://www.medion.com/at/shop/haushalt-zubehoer,57,OK,57.0,False
2026-09-09 16:44:47,Alexa Haushalt,https://www.medion.com/at/shop/haushalt-alexa,11,OK,11.0,False
2026-09-09 16:44:47,Alle ReinigungsgerÃ¤te,https://www.medion.com/at/shop/haushalt/reinigungsgeraete,23,OK,23.0,False
2026-09-09 16:44:47,Polsterreiniger,https://www.medion.com/at/shop/haushalt/polsterreiniger,1,OK,1.0,False
2026-09-09 16:44:47,Overlock NÃ¤hmaschinen,https://www.medion.com/at/shop/haushalt/naehmaschinen/overlock,2,OK,2.0,False
2026-09-09 16:44:47,Freiarm NÃ¤hmaschinen,https://www.medion.com/at/shop/haushalt/naehmaschinen/freiarm,4,OK,4.0,False
2026-09-09 16:44:47,Digitale NÃ¤hmaschinen,https://www.medion.com/at/shop/haushalt/naehmaschinen/digital,2,OK,2.0,False
2026-09-09 16:44:47,Luftentfeuchter,https://www.medion.com/at/shop/haushalt/luftentfeuchter,3,OK,3.0,False
2026-09-09 16:44:47,KÃ¼hlboxen,https://www.medion.com/at/shop/haushalt/kuehlboxen,4,OK,4.0,False
2026-09-09 16:44:47,Haushalt- & Freizeit-Angebote,https://www.medion.com/at/shop/haushalt/angebote,25,OK,25.0,False
2026-09-09 16:44:47,Handstaubsauger,https://www.medion.com/at/shop/handstaubsauger,5,OK,5.0,False
2026-09-09 16:44:47,Haartrockner,https://www.medion.com/at/shop/haarpflege/haartrockner,2,OK,2.0,False
2026-09-09 16:44:47,GlÃ¤tteisen,https://www.medion.com/at/shop/haarpflege/glaetteisen,4,OK,4.0,False
2026-09-09 16:44:47,GlÃ¤ttbÃ¼rsten,https://www.medion.com/at/shop/haarpflege/glaettbuersten,2,OK,2.0,False
2026-09-09 16:44:47,Haarpflege,https://www.medion.com/at/shop/haarpflege,8,OK,8.0,False
2026-09-09 16:44:47,GeschirrspÃ¼ler,https://www.medion.com/at/shop/geschirrspueler,2,OK,2.0,False
2026-09-09 16:44:47,Geschenke bis 400 Euro,https://www.medion.com/at/shop/geschenke-bis-400-euro,63,OK,63.0,False
2026-09-09 16:44:47,Geschenke bis 250â¬,https://www.medion.com/at/shop/geschenke-bis-250-euro,156,OK,156.0,False
2026-09-09 16:44:47,Geschenke bis 100â¬,https://www.medion.com/at/shop/geschenke-bis-100-euro,161,OK,161.0,False
2026-09-09 16:44:47,Geschenke ab 400 Euro,https://www.medion.com/at/shop/geschenke-ab-400-euro,50,OK,50.0,False
2026-09-09 16:44:47,Garten Angebote,https://www.medion.com/at/shop/garten-angebote,17,OK,17.0,False
2026-09-09 16:44:47,Garantierte Lieferung,https://www.medion.com/at/shop/garantierte-lieferung,0,OK,377.0,True
2026-09-09 16:44:47,Gaming-ZubehÃ¶r,https://www.medion.com/at/shop/gaming-zubehoer,3,OK,3.0,False
2026-09-09 16:44:47,Gaming-Monitore,https://www.medion.com/at/shop/gaming-monitore,3,OK,3.0,False
2026-09-09 16:44:47,Slush Eis Maschine,https://www.medion.com/de/shop/kueche/slush-eis-maschine,6,OK,6.0,False
2026-09-09 16:44:47,Alle Gaming Produkte,https://www.medion.com/at/shop/gaming-alle,36,OK,36.0,False
2026-09-09 16:44:47,Gaming-Laptops,https://www.medion.com/at/shop/gaming/laptop,14,OK,14.0,False
2026-09-09 16:44:47,Gaming Angebote,https://www.medion.com/at/shop/gaming/angebote,13,OK,13.0,False
2026-09-09 16:44:47,FrÃ¼hjahrsputz,https://www.medion.com/at/shop/fruehjahrsputz,23,OK,23.0,False
2026-09-09 16:44:47,weitere Modelle,https://www.medion.com/at/shop/fm-radios,17,OK,17.0,False
2026-09-09 16:44:47,Festival,https://www.medion.com/at/shop/festival,27,OK,27.0,False
2026-09-09 16:44:47,Heimkinosystem,https://www.medion.com/at/shop/entertainment,4,OK,4.0,False
2026-09-09 16:44:47,Eismaschinen,https://www.medion.com/at/shop/eismaschinen,6,OK,6.0,False
2026-09-09 16:44:47,Einsteiger PC,https://www.medion.com/at/shop/einsteiger-pc,1,OK,1.0,False
2026-09-09 16:44:47,Drucker & Patronen,https://www.medion.com/at/shop/drucker,2,OK,2.0,False
2026-09-09 16:44:47,Desktop-PCs,https://www.medion.com/at/shop/desktop-pcs,1,OK,1.0,False
2026-09-09 16:44:47,DAB Radios,https://www.medion.com/at/shop/dab-radios,23,OK,23.0,False
2026-09-09 16:44:47,Core Gaming PCs,https://www.medion.com/at/shop/core-gaming-pc,7,OK,7.0,False
2026-09-09 16:44:47,Core Gaming Notebooks,https://www.medion.com/at/shop/core-gaming-notebooks,8,OK,8.0,False
2026-09-09 16:44:47,PC-ZubehÃ¶r,https://www.medion.com/at/shop/computer-zubehoer,6,OK,6.0,False
2026-09-09 16:44:47,Camping,https://www.medion.com/at/shop/camping,30,OK,30.0,False
2026-09-09 16:44:47,Back to Uni Tablet,https://www.medion.com/at/shop/btu-tablets,2,OK,2.0,False
2026-09-09 16:44:47,Back to Uni Radio,https://www.medion.com/at/shop/btu-radios,34,OK,34.0,False
2026-09-09 16:44:47,Back to Uni FrÃ¼hstÃ¼ck,https://www.medion.com/at/shop/btu-fruehstuecken,10,OK,10.0,False
2026-09-09 16:44:47,Back to Uni Freizeit,https://www.medion.com/at/shop/btu-freizeit,43,OK,43.0,False
2026-09-09 16:44:47,Bodenreiniger,https://www.medion.com/at/shop/bodenreiniger,2,OK,2.0,False
2026-09-09 16:44:47,Bluetooth Lautsprecher,https://www.medion.com/at/shop/bluetooth-lautsprecher,12,OK,12.0,False
2026-09-09 16:44:47,Back to School,https://www.medion.com/at/shop/back-to-school,23,OK,23.0,False
2026-09-09 16:44:47,Alle Audio Produkte,https://www.medion.com/at/shop/audio-alle,65,OK,65.0,False
2026-09-09 16:44:47,Bluetooth-KopfhÃ¶rer,https://www.medion.com/at/shop/audio/bluetooth-kopfhoerer,0,OK,377.0,True
2026-09-09 16:44:47,Audio Angebote,https://www.medion.com/at/shop/audio/angebote,22,OK,22.0,False
2026-09-09 16:44:47,Angebote bei MEDION,https://www.medion.com/at/shop/angebote,114,OK,114.0,False
2026-09-09 16:44:47,All-in-One-PCs,https://www.medion.com/at/shop/all-in-one-pc,2,OK,2.0,False
2026-09-09 16:44:47,Alle PCs,https://www.medion.com/at/shop/alle-pcs,9,OK,9.0,False
2026-09-09 16:44:47,Alexa,https://www.medion.com/at/shop/alexa,11,OK,11.0,False
2026-09-09 16:44:47,Akoya PCs,https://www.medion.com/at/shop/akoya-pcs,1,OK,1.0,False
2026-09-09 16:44:47,Akku-Stielstaubsauger,https://www.medion.com/at/shop/akku-stielstaubsauger,8,OK,8.0,False
2026-09-09 16:44:47,Blue Days,https://www.medion.com/at/shop/blue-days,,NOT_FOUND,,False
2026-09-09 16:44:47,Weekend-Sale,https://www.medion.com/at/shop/weekend-sale,,NOT_FOUND,,False
2026-09-09 16:44:47,Blue Days,https://www.medion.com/de/shop/blue-days,,NOT_FOUND,,False
2026-09-09 16:44:47,Gaming Days,https://www.medion.com/de/shop/gaming-days,,NOT_FOUND,,False
2026-09-09 16:44:47,Weekend Sale,https://www.medion.com/de/shop/weekend-sale,,NOT_FOUND,,False
